denominacion,compromiso_id,descripcion,actualizacion_id,actualizacion,fecha,jurisdiccion_id,jurisdiccion,nombre_tarjeta_home
Producción de leche a nivel nacional,1,Millones de litros por año a nivel nacional desde 1970 - 1982 y mensual a partir de 1983 a la fecha,R/P1M,Mensual,2º semestre de 2016,52,Agroindustria,Agroindustria
Producción de calidad de leche a nivel departamento/partido,2,Productividad promedio; y promedio de la producción de sólidos útiles y calidad higiénico - sanitaria según departamento/partido (lts/día y %): Enero 2013 a hoy,R/P1M,Mensual,2º semestre de 2016,52,Agroindustria,Agroindustria
Destino de la producción de leche,3,Destino de la producción nacional a producto por mes (millones de litros): desde enero 1983 a la fecha,R/P3M,Trimestral,2º semestre de 2016,52,Agroindustria,Agroindustria
Elaboración de Productos Lácteos,4,Elaboración de productos lácteos (miles de litros y toneladas): Enero 1989 a la fecha,R/P1M,Mensual,2º semestre de 2016,52,Agroindustria,Agroindustria
Existencia de Productos Lácteos,5,Existencias lácteas por principales productos (miles de litros equivalentes): desde Enero1998 a la fecha,R/P1M,Mensual,2º semestre de 2016,52,Agroindustria,Agroindustria
Precio pagado al productor por litro de leche,6,Precio promedio por litro ($/litro): Enero 2011 a la fecha,R/P1M,Mensual,2º semestre de 2016,52,Agroindustria,Agroindustria
Precio pagado al productor por kilo de sólidos en la lecha (grasa y proteínas),7,Precio promedio por kilo de sólidos ($/kilo): Enero 2011 a la fecha,R/P1M,Mensual,2º semestre de 2016,52,Agroindustria,Agroindustria
Estimación del consumo de productos lácteos,8,Consumo total y per cápita de productos lácteos (miles de litros/toneladas): Enero 2000 a la fecha,R/P1M,Mensual,2º semestre de 2016,52,Agroindustria,Agroindustria
Superficie Forestada,9,"Superficies forestadas por género, provincia, departamento",R/P1Y,Anual,2º semestre de 2016,52,Agroindustria,Agroindustria
Inventario Nacional de Plantaciones Forestales,10,"Volúmen de Madera estimada por género, provincia, departamento",eventual,Eventual,2º semestre de 2016,52,Agroindustria,Agroindustria
Extracciones Forestales,11,"Volúmen de madera extraída de plantaciones forestales, en m3 estimada por provincia por año y por especie",R/P1Y,Anual,2º semestre de 2016,52,Agroindustria,Agroindustria
Industrias de tableros de fibra y de particulas y de pasta de papel y cartón,12,"Encuesta en donde se releva:cantidad, capacidad instalada, materia prima utilizada, producción y personal ocupado.",R/P1Y,Anual,2º semestre de 2016,52,Agroindustria,Agroindustria
Censo de Aserraderos,13,"Consite en el relevamiento de cantidad, capacidad instalada, materia prima utilizada, producción, personal ocupado.",eventual,Eventual,2º semestre de 2017,52,Agroindustria,Agroindustria
Ecuestras de Aserraderos,14,"Consite en el relevamiento de cantidad, capacidad instalada, materia prima utilizada, producción, personal ocupado.",R/P1Y,Anual,2º semestre de 2017,52,Agroindustria,Agroindustria
Precios Forestales,15,Relevamiento de precios de insumos y productos forestales.,R/P1Y,Anual,1º semestre de 2017,52,Agroindustria,Agroindustria
Áreas protegidas terrestres y marinas,16,"Áreas Protegidas de la Argentina creadas y administradas por organismos nacionales, provinciales, municipales, universitarios, privados, ONGs o Fundaciones.",eventual,Eventual,2º semestre de 2016,81,Ambiente,Ambiente
Registro de Consultores en Estudios de Impacto Ambiental,17,Nómina de consultores individuales y firmas consultoras que realizan estudios de impacto ambiental,eventual,Eventual,1º semestre de 2017,81,Ambiente,Ambiente
Registro de usuarios para comercialización de fauna silvestre,18,"Nómina de comerciantes, criadores, exportadores, reexportadores e importadores de animales vivos, productos y subproductos de la fauna silvestre.",eventual,Eventual,1º semestre de 2017,81,Ambiente,Ambiente
Registro de profesionales en la Dirección de Prevención y Recomposición Ambiental,19,"Nómina de profesionales habilitados para el aval técnico de las presentaciones de la documentación exigida y para la ejecución de tareas inherentes al proyecto, dirección, construcción y operación de plantas de tratamiento de vertidos",eventual,Eventual,1º semestre de 2017,81,Ambiente,Ambiente
Operadores de residuos peligrosos,20,Nómina de personas físicas o jurídicas registrados como operadores de residuos peligrosos,eventual,Eventual,1º semestre de 2017,81,Ambiente,Ambiente
Transportistas de residuos peligrosos,21,Nómina de personas físicas o jurídicas registrados como transportistas de residuos peligrosos,eventual,Eventual,1º semestre de 2017,81,Ambiente,Ambiente
Empadronamiento de establecimientos industriales y especiales,22,"Nómina de establecimientos industriales y/o especiales que produzcan en forma continua o discontinua vertidos industriales o barros originados por la depuración de aquéllos a conductos cloacales, pluviales o a un curso de agua y que se encuentren radicados en: Capital Federal y en partidos de la Provincia de Buenos Aires adheridos.",eventual,Eventual,1º semestre de 2017,81,Ambiente,Ambiente
Superficie de bosque nativo,23,Registro histórico correspondiente a la superficie en hectareas cubierta con bosque nativo en el país,R/P1Y,Anual,1º semestre de 2017,81,Ambiente,Ambiente
Consumo de Hidroclorofluorocarbonados (HCFC),24,"Expresa el consumo de hidroclorofluorocarbonos (HCFC) en el país, de acuerdo con la ecuación establecida por el Protocolo de Montreal: (Consumo = Producción + Importación – Exportación)",R/P1Y,Anual,2º semestre de 2016,81,Ambiente,Ambiente
Emisiones totales de gases de efecto invernadero por sector,25,Expresa a nivel nacional las emisiones totales de los gases efecto invernadero (GEI) que contribuyen al cambio climático global.,eventual,Eventual,2º semestre de 2016,81,Ambiente,Ambiente
Generación de residuos sólidos urbanos,26,Indicador de cantidad de residuos sólidos urbanos (RSU) generados por habitante por día en el transcurso de un año,eventual,Eventual,2º semestre de 2016,81,Ambiente,Ambiente
Composición de los Residuos Sólidos Urbanos (RSU) Promedio en Argentina,27,Muestra en porcentajes como están compuestos los RSU,eventual,Eventual,2º semestre de 2016,81,Ambiente,Ambiente
"Monto asignado al financiamiento de los Planes de Manejo Sustentable, Conservación y Proyectos de Formulación para bosque nativo",28,Muestra la distribución del monto anual asignado por tipo de plan,R/P1Y,Anual,2º semestre de 2016,81,Ambiente,Ambiente
Especies por categoría de riesgos,29,Especies por categoría de riesgos,eventual,Eventual,2º semestre de 2016,81,Ambiente,Ambiente
CITES,30,"Especies de aves, flora, mamiferos, reptiles de Argentina en la Convención sobre el Comercio Internacional de las Especies Amenazadas de Fauna y Flora Silvestres (CITES)",eventual,Eventual,1º semestre de 2017,81,Ambiente,Ambiente
Cantidad de incendios forestales,31,"Cantidad de incendios forestales por año y causa, según jurisdicción",R/P1Y,Anual,2º semestre de 2016,81,Ambiente,Ambiente
Biomasa forestal,32,"Biomasa forestal, incluyendo cantidad de carbono en millones de toneladas de peso seco",eventual,Eventual,1º semestre de 2017,81,Ambiente,Ambiente
Superficie de bosque afectada por incendios,33,"Superficie afectada por incendios forestales por año y tipo de vegetación, según jurisdicción. En hectáreas",R/P1Y,Anual,2º semestre de 2016,81,Ambiente,Ambiente
Extracción de madera,34,"Rollos extraídos con destino industrial, postes, leña y otros productos, según especie. En metros cúbicos",R/P1Y,Anual,1º semestre de 2017,81,Ambiente,Ambiente
Extracción de productos forestales no madereros,35,"Extracción de productos forestales no madereros, por uso. En toneladas",R/P1Y,Anual,2º semestre de 2016,81,Ambiente,Ambiente
Importación y exportación de productos forestales,36,Exportación e importación de productos forestales. En toneladas,R/P1Y,Anual,2º semestre de 2016,81,Ambiente,Ambiente
Sitios Ramsar de la República Argentina,37,"Listado de Sitios Ramsar, humedales en estado de conservación y uso sostenible, de la República Argentina",eventual,Eventual,2º semestre de 2016,81,Ambiente,Ambiente
Consumo de las sustancias agotadoras de ozono en la República Argentina,38,Consumo (producción más las importaciones menos las exportaciones de sustancias) de sustancias agotadoras de ozono en la República Argentina,R/P1Y,Anual,1º semestre de 2017,81,Ambiente,Ambiente
Liberaciones de Dioxinas y Furanos,39,Liberaciones anuales (g EQT/a),eventual,Eventual,2º semestre de 2016,81,Ambiente,Ambiente
Archivo Histórico de la Cancilleria Argentina,40,"Clasificación del Archivo-Secciones: Documentación original producida por el Ministerio de Relaciones Exteriores y Culto (1810- 2009) relativa a Asuntos Políticos, Económicos, Administrativos, Consulares y de Culto. Material producido por la Representaciones Diplomáticas y Consulares argentinas en el exterior. Fondos personales donados. Documentación desclasificada en el marco de los trabajos de la Comisión de Relevamiento para la Recuperación de la Memoria Histórica.",R/P6M,Semestral,2º semestre de 2016,35,Relaciones Exteriores,Relaciones Exteriores
Estadísticas del Instituto del Servicio Exterior de la Nación,41,"Cantidad de inscriptos al concurso e ingresantes al Instituto del Servicio Exterior de la Nación desde 2006 al 2016: cantidad por universidad, procedencia, carrera y género",R/P1Y,Anual,2º semestre de 2016,35,Relaciones Exteriores,Relaciones Exteriores
Promoción comercial y desarrollo de inversiones,42,"Ficha país Argentina (Trade Net): Directorio de Exportadores, listado de Importadores, Oportunidades Comerciales, Licitaciones Internacionales, Información sobre Mercados Externos, Guía de Negocios, Ferias y Exportaciones.",R/P1Y,Anual,2º semestre de 2016,35,Relaciones Exteriores,Relaciones Exteriores
Registro de Institutos de Vida Consagrada,43,"Registro de Institutos de Vida Consagrada, incluyendo nombre, resolución, fecha y registro",R/P6M,Semestral,2º semestre de 2016,35,Relaciones Exteriores,Relaciones Exteriores
Registro Nacional de Cultos,44,"Registro Nacional de Cultos, incluyendo nombre de la entidad, número de inscripción, provincia, ciudad, dirección. Información sobre trámites",R/P6M,Semestral,2º semestre de 2016,35,Relaciones Exteriores,Relaciones Exteriores
Comisión Cascos Blancos,45,1994/2016: Cantidad de Misiones de Asistencia Humanitaria (detalle por región). Entrega de Ayuda Humanitaria. Cantidad de Misiones de Capacitación. Cantidad de Voluntarios desplazados en misiones. Países donde Cascos Blancos actúo. Envíos de insumos humanitarios en el 1er semestre de 2016.,R/P1Y,Anual,2º semestre de 2016,35,Relaciones Exteriores,Relaciones Exteriores
Representraciones extranjeras en Argentina,46,Listado de representaciones extranjeras en la Argentina,eventual,Eventual,2º semestre de 2016,35,Relaciones Exteriores,Relaciones Exteriores
Representaciones Argentinas en el exterior,47,Listado de representaciones argentinas en el extranjero,eventual,Eventual,2º semestre de 2016,35,Relaciones Exteriores,Relaciones Exteriores
Organismos Internacionales,48,Listado de Organismos Internacionales con sede en la Argentina,eventual,Eventual,2º semestre de 2016,35,Relaciones Exteriores,Relaciones Exteriores
Directorio Telefónico,49,Directorio telefónico de emergencias consulares argentinos en el exterior.,eventual,Eventual,2º semestre de 2016,35,Relaciones Exteriores,Relaciones Exteriores
"Proyectos de ciencia, tecnología e innovación",50,"Proyectos de ciencia, tecnología e innovación, incluyendo montos totales aprobados y financiados, fecha de inicio, provincia de ejecución, región de ejecución, tipo de proyecto, gran área del conocimiento (para proyectos de I+D) y tipo de institución de ejecución.",R/P1Y,Anual,2º semestre de 2016,71,Ciencia y Tecnología,Ciencia y Tecnología
"Empresas de ejecución de proyectos de ciencia, tecnología e innovación",51,"Empresas de ejecución de proyectos de ciencia, tecnología e innovación, cantidad de proyectos, tipo de proyectos, provincia argentina y fecha de inicio.",R/P1Y,Anual,2º semestre de 2016,71,Ciencia y Tecnología,Ciencia y Tecnología
Equipamiento científico-tecnológico,52,Equipamiento científico-tecnológico según tipo de institución y provincia de localización.,R/P1Y,Anual,2º semestre de 2016,71,Ciencia y Tecnología,Ciencia y Tecnología
Instituciones del Sistema Nacional de Ciencia y Tecnología Argentino,53,"Instituciones del Sistema Nacional de Ciencia y Tecnología Argentino según tipo de institución, provincia de localización, tipo de recursos humanos, máximo nivel educativo alcanzado, disciplina de experticia.",R/P1Y,Anual,2º semestre de 2016,71,Ciencia y Tecnología,Ciencia y Tecnología
Recursos humanos en Ciencia y Tecnología,54,"Recursos humanos en Ciencia y Tecnología por provincia, máximo nivel educativo alcanzado, género, rangos de edad, tipo de personal de I+D y gran área del conocimiento de la formación de grado, tipo de institución de trabajo, categoría en CONICET y categoría en el Programa de Incentivos a los Docentes Investigadores.",R/P1Y,Anual,2º semestre de 2016,71,Ciencia y Tecnología,Ciencia y Tecnología
Asistencia Directa por Situaciones Especiales (DADSE),55,Ayuda Directa a personas para adquirir medicación de alto costo y/o elementos de tecnología biomédica.,R/P6M,Semestral,2º semestre de 2016,85,Desarrollo Social,Desarrollo Social
Prohuerta,56,"En el marco del Plan Nacional de Seguridad Alimentaria y Nutricional, listado de huertas comunitarias, escolares y familiares como fuente de alimentos y/o ingresos para personas en situación de vulnerabilidad social.",R/P6M,Semestral,2º semestre de 2016,85,Desarrollo Social,Desarrollo Social
Fortalecimiento institucional a Organizaciones de la Sociedad Civil,57,Cantidad de proyectos sociales de Fortalecimiento Institucional a Organizaciones de la Sociedad Civil.,R/P1Y,Anual,1º semestre de 2017,85,Desarrollo Social,Desarrollo Social
Espacios de Primera Infancia,58,"Cantidad de Espacios de Primera Infancia en el marco del Plan Nacional de Primera Infancia para la atención integral, contención y estimulación temprana de niños y niñas.",R/P1Y,Anual,1º semestre de 2017,85,Desarrollo Social,Desarrollo Social
Asistencia ante emergencias climáticas o catástrofes,59,Informe de las asistencias por emergencias climáticas y catástrofes naturales o accidentales.,R/P1Y,Anual,1º semestre de 2017,85,Desarrollo Social,Desarrollo Social
Plan Creer y Crear,60,"En el marco del Plan Nacional de Economía Social, cantidad de proyectos de fortalecimiento institucional, productivo y de servicios, a fin de consolidar los emprendimientos de la economía social regional.",R/P1Y,Anual,1º semestre de 2017,85,Desarrollo Social,Desarrollo Social
Comisión Nacional del Microcrédito (CONAMI),61,"Información de los microcréditos otorgados a una baja tasa de interés, destinados para proyectos productivos, comerciales o de servicios que necesiten insumos y maquinaria para fortalecer su actividad. Emprendedores y Organizaciones ejecutoras alcanzadas.",R/P6M,Semestral,2º semestre de 2016,85,Desarrollo Social,Desarrollo Social
Centros de Referencia (CDR),62,Cantidad de delegaciones del Ministerio de Desarrollo Social en territorio federal.,R/P1Y,Anual,1º semestre de 2017,85,Desarrollo Social,Desarrollo Social
Monotributo Social,63,"Cantidad de titulares y adherentes alcanzados por el Monotributo Social, categoria tributaria que permite ingresar al sistema previsional a las personas en situación de vulnerabilidad social. Brinda la posibilidad de emitir facturas, acceder a una obra social.",R/P1Y,Anual,1º semestre de 2017,85,Desarrollo Social,Desarrollo Social
Formación de Cuidadores Domiciliarios - DINAPAM,64,Listado de capacitaciones y certificaciones a miembros de la comunidad sin empleo para que puedan cuidar y brindar atención primaria a adultos mayores o enfermos crónicos.,R/P1Y,Anual,1º semestre de 2017,85,Desarrollo Social,Desarrollo Social
Obras de energía eléctrica y de gas natural,65,"Seguimiento, grado de avance y descripción de obras de energía eléctrica y de gas natural.",eventual,Eventual,2º semestre de 2016,58,Energía y Minería,Energía y Minería
Balance Energético Nacional,66,"Oferta, transformación y demanda de energía eléctrica",R/P1Y,Anual,2º semestre de 2016,58,Energía y Minería,Energía y Minería
Factor de emisión de la red eléctrica,67,Factores de emisión de GEI asociados a la generación eléctrica.,R/P1Y,Anual,2º semestre de 2016,58,Energía y Minería,Energía y Minería
Cantidad de usuarios,68,Cantidad de usuarios por tipo y por distribuidora,R/P1Y,Anual,2º semestre de 2017,58,Energía y Minería,Energía y Minería
Demanda máxima de potencia,69,Demanda máxima de potencia del Sistema Interconectado Nacional,R/P1Y,Anual,1º semestre de 2017,58,Energía y Minería,Energía y Minería
Grandes usuarios del MEM,70,Demandas de grandes usuarios por jurisdicción y sector,R/P1Y,Anual,2º semestre de 2017,58,Energía y Minería,Energía y Minería
Distribución de energía eléctrica,71,Distribución por provincia y por distribuidora,R/P1Y,Anual,2º semestre de 2017,58,Energía y Minería,Energía y Minería
Redes de distribución,72,Capa geográfica de redes de media distribución por distribuidora,eventual,Eventual,2º semestre de 2016,58,Energía y Minería,Energía y Minería
Consumos eléctrico de Edificios públicos,73,Consumo de Edificios públicos por periodos en Media y Alta Tensión,R/P1M,Mensual,2º semestre de 2017,58,Energía y Minería,Energía y Minería
PRONUREE,74,Luminarias residenciales reemplazadas por municipio,R/P3M,Trimestral,1º semestre de 2017,58,Energía y Minería,Energía y Minería
Renovate Heladeras y Lavarropas,75,Compra de heladeras y lavarropas en el marco del plan Renovate,R/P1M,Mensual,1º semestre de 2017,58,Energía y Minería,Energía y Minería
Estadísticas de medicina nuclear,76,Instalaciones y provisión de servicios de medicina nuclear.,R/P1Y,Anual,2º semestre de 2017,58,Energía y Minería,Energía y Minería
Mapa nuclear argentino,77,"Información geográfica relacionada con: Centros Atómicos, Reactores de investigación, Centrales Nucleares de Potencia en Operación, Central Nuclear de Potencia en Construcción, Centros de Medicina Nuclear Operativos, Instalaciones de Medicina Nuclear, Polo Tecnológico, Localización de Actividad Minera, Aceleradores de Partículas para Producción de Radioisótopos, Instalaciones con Aplicaciones Industriales, Plantas de Irradiación para Usos Medicinales, Planta de Enriquecimiento de Uranio, Planta de Purificación de Uranio, Centros de Medicina Nuclear en Ejecución, Aceleradores de Partículas para Investigación, Fábrica de Combustibles Nucleares e Institutos de Formación Académica.",eventual,Eventual,2º semestre de 2017,58,Energía y Minería,Energía y Minería
Producción de Radioisótopos,78,"Serie de producción de radioisótopos nucleares para fines no energéticos,",R/P1Y,Anual,2º semestre de 2017,58,Energía y Minería,Energía y Minería
Servicios de irradiación,79,Información sobre servicios de irradiación realizados por CNEA.,R/P1Y,Anual,2º semestre de 2017,58,Energía y Minería,Energía y Minería
Capacidad Instalada y Generación de Energía Eléctrica de Fuentes Renovables,80,"Detalle de capacidad instalada y generación por central, tecnología, ubicación.",R/P1M,Mensual,2º semestre de 2016,58,Energía y Minería,Energía y Minería
Listado de Centrales de Generación de Fuentes Renovables Operativas,81,"Nombre del Proyecto, Tecnología, Empresa, Capacidad, Ubicación, Estado de Trámite de Autorización como Agente MEM.",R/P3M,Trimestral,2º semestre de 2016,58,Energía y Minería,Energía y Minería
Listado de Proyectos de EERR,82,"Nombre del Proyecto, Tecnología, Empresa, Capcacidad, Ubicación, Estado de Trámite de Autorización como Agente MEM.",R/P1M,Mensual,2º semestre de 2016,58,Energía y Minería,Energía y Minería
Mapa de Recurso Eólico,83,Mapa de distribución territorial de recurso eólico,R/P1Y,Anual,2º semestre de 2017,58,Energía y Minería,Energía y Minería
Mapa de Recurso Solar,84,Mapa de distribución territorial de recurso solar,R/P1Y,Anual,1º semestre de 2017,58,Energía y Minería,Energía y Minería
Mapas de Recursos Biomásicos,85,Mapa de distribución territorial de recurso biomásico,R/P1Y,Anual,1º semestre de 2017,58,Energía y Minería,Energía y Minería
PERMER (Proyecto de Energías Renovales para Mercados Rurales),86,Listado de cantidad de instalaciones realizadas por provincia.,R/P3M,Trimestral,2º semestre de 2016,58,Energía y Minería,Energía y Minería
Puntos de Interés Geotérmico,87,Ubicación geográfica de puntos de interés geotérmico,eventual,Eventual,2º semestre de 2016,58,Energía y Minería,Energía y Minería
Autoproductores,88,Generación eléctrica por parte de autoproductores,R/P1Y,Anual,2º semestre de 2017,58,Energía y Minería,Energía y Minería
Centrales eléctricas,89,Ubicación geográfica de centrales eléctricas por tipo,eventual,Eventual,2º semestre de 2016,58,Energía y Minería,Energía y Minería
Consumo de combustibles,90,Consumo de combustibles para generación eléctrica,R/P1Y,Anual,2º semestre de 2017,58,Energía y Minería,Energía y Minería
Generación eléctrica,91,Serie de generación eléctrica asociada a redes,R/P1Y,Anual,2º semestre de 2017,58,Energía y Minería,Energía y Minería
Potencia instalada,92,Potencia instalada de generación eléctrica por tipo y por región,R/P1Y,Anual,2º semestre de 2017,58,Energía y Minería,Energía y Minería
Catálogo de Proyectos Hidroeléctricos,93,Inventario de textos y planos correspondientes a proyectos hidroeléctricos.,R/P1M,Mensual,1º semestre de 2017,58,Energía y Minería,Energía y Minería
Mapa de pequeños aprovechamientos hidroeléctricos.,94,Capas geográficas con información sobre pequeños aprovechamientos hidroeléctricos (PAH).,eventual,Eventual,1º semestre de 2017,58,Energía y Minería,Energía y Minería
Estaciones transformadoras,95,Ubicación geográfica de estaciones transformadoras de media y alta tensión,eventual,Eventual,1º semestre de 2017,58,Energía y Minería,Energía y Minería
Líneas de Alta Tensión,96,Traza de líneas de alta tensión,eventual,Eventual,1º semestre de 2017,58,Energía y Minería,Energía y Minería
Programa Probiomasa,97,"Balance por radio censal de Energía derivada de la Biomasa WISDOM, La Pampa, Mendoza, Salta y Tucumán",eventual,Eventual,1º semestre de 2017,58,Energía y Minería,Energía y Minería
Estadísticas de Biocombustibles,98,"Producción, ventas al mercado interno y exportaciones de bioetanol y de biodiésel",R/P1M,Mensual,1º semestre de 2017,58,Energía y Minería,Energía y Minería
"Plantas de biocombustibles, Plantas refinadoras y productoras de Aceite Vegetal",99,"Ubicación geográfica de plantas de biocombustibles, plantas refinadoras y productoras de aceite vegetal",eventual,Eventual,1º semestre de 2017,58,Energía y Minería,Energía y Minería
Precios de Biodiesel,100,Precios de venta del Biodiesel al mercado interno.,R/P1M,Mensual,2º semestre de 2016,58,Energía y Minería,Energía y Minería
Precios de Bioetanol,101,Precios de venta del Bioetanol al mercado interno.,R/P1M,Mensual,2º semestre de 2016,58,Energía y Minería,Energía y Minería
Entregas de gas natural por tipo de usuario,102,"Gas natural Entregado y Nro. Usuarios, por Tipo de Usuario. (ENARGAS)",R/P1M,Mensual,2º semestre de 2016,58,Energía y Minería,Energía y Minería
"Gas natural Entregado, por Area de Licencia",103,(ENARGAS),R/P1M,Mensual,2º semestre de 2016,58,Energía y Minería,Energía y Minería
Precios de GNC,104,Precios de GNC al Público. (ENARGAS),R/P1M,Mensual,2º semestre de 2016,58,Energía y Minería,Energía y Minería
Vehículos habilitados para GNC,105,Cantidad de Vehículos habilitados clasificados por provincia y tipo de vehículo. (ENARGAS),R/P1M,Mensual,2º semestre de 2016,58,Energía y Minería,Energía y Minería
Áreas de concesión de distribuidoras,106,Polígonos descriptivos de las áreas de concesión por distribuidora.,eventual,Eventual,1º semestre de 2017,58,Energía y Minería,Energía y Minería
Cantidad de usuarios de gas de red por segmento de calle,107,Capa geográfica con cantidad de usuarios conectados a la red de gas natural por cuadra.,eventual,Eventual,1º semestre de 2017,58,Energía y Minería,Energía y Minería
Demanda de grandes usuarios de gas natural,108,"Gas natural Entregado a Grandes Usuarios industriales, por Rama de actividad, provincia y Subzona Tarifaria. (ENARGAS)",R/P1M,Mensual,2º semestre de 2016,58,Energía y Minería,Energía y Minería
Demanda industrial de gas natural por rama,109,"Gas natural Entregado a Grandes Usuarios industriales, por Distribuidora y Rama de actividad. (ENARGAS)",R/P1M,Mensual,2º semestre de 2016,58,Energía y Minería,Energía y Minería
"Gas natural Entregado y Nro. Usuarios, por Distribuidora y Tipo de Servicio",110,(ENARGAS),R/P1M,Mensual,2º semestre de 2016,58,Energía y Minería,Energía y Minería
"Gas natural Entregado y Nro. Usuarios, por Distribuidora y Tipo de Usuario",111,(ENARGAS),R/P1M,Mensual,2º semestre de 2016,58,Energía y Minería,Energía y Minería
"Gas natural Entregado y Nro. Usuarios, por Subzona Tarifaria y Tipo de Servicio",112,(ENARGAS),R/P1M,Mensual,2º semestre de 2016,58,Energía y Minería,Energía y Minería
"Gas natural Entregado y Nro. Usuarios, por Subzona Tarifaria y Tipo de Usuario",113,(ENARGAS),R/P1M,Mensual,2º semestre de 2016,58,Energía y Minería,Energía y Minería
"Gas natural Entregado y Nro. Usuarios, por Tipo de Servicio y Provincia",114,(ENARGAS),R/P1M,Mensual,2º semestre de 2016,58,Energía y Minería,Energía y Minería
"Gas natural Entregado y Nro. Usuarios, por Tipo de Servicio y Subzona Tarifaria",115,(ENARGAS),R/P1M,Mensual,2º semestre de 2016,58,Energía y Minería,Energía y Minería
"Gas natural Entregado y Nro. Usuarios, por Tipo de Usuario, Provincia y subzona tarifaria",116,(ENARGAS),R/P1M,Mensual,2º semestre de 2016,58,Energía y Minería,Energía y Minería
"Uso de la Capacidad Contratada, por Distribuidora",117,Uso de la capacidad de transporte de gas natural por distribuidora. (ENARGAS),R/P1M,Mensual,2º semestre de 2016,58,Energía y Minería,Energía y Minería
Concesiones y lotes de Explotación,118,Capas geográficas de concesiones de explotación,eventual,Eventual,1º semestre de 2017,58,Energía y Minería,Energía y Minería
Conformación de consorcios del upstream,119,Conformación de consorcios por permiso y concesión de exploración y explotación de hidrocarburos,R/P1M,Mensual,1º semestre de 2017,58,Energía y Minería,Energía y Minería
Cuencas sedimentarias,120,Capas geográficas de Cuencas sedimentarias de la República Argentina,eventual,Eventual,1º semestre de 2017,58,Energía y Minería,Energía y Minería
Disponibilidad de sísmicas,121,Catálogo de sísmicas 2D y 3D georeferenciado,eventual,Eventual,1º semestre de 2017,58,Energía y Minería,Energía y Minería
Inscripciones Anuales de empresas petroleras,122,Registro de Empresas Petroleras del Upstream,R/P1Y,Anual,2º semestre de 2017,58,Energía y Minería,Energía y Minería
Inversiones previstas año actual,123,Inversiones en exploración y producción de hidrocarburos.,R/P1Y,Anual,1º semestre de 2017,58,Energía y Minería,Energía y Minería
Inversiones realizadas en exploración y producción de hidrocarburos,124,Inversiones declaradas por las empresas productoras.,R/P1Y,Anual,1º semestre de 2017,58,Energía y Minería,Energía y Minería
Metros Perforados,125,"Metros perforados de exploración, explotación y servicio.",R/P1M,Mensual,2º semestre de 2016,58,Energía y Minería,Energía y Minería
Permisos de Exploración,126,Capas geográficas de permisos de exploración,eventual,Eventual,2º semestre de 2017,58,Energía y Minería,Energía y Minería
Planos base,127,Planos base de upstream de hidrocarburos (información geográfica).,R/P1Y,Anual,1º semestre de 2017,58,Energía y Minería,Energía y Minería
"Porcentaje de concesión y participación en asociaciones por área, yacimiento",128,Participación de los miembros de los consorcios de explotación de hidrocarbudos.,eventual,Eventual,2º semestre de 2016,58,Energía y Minería,Energía y Minería
Pozos de petróleo y gas,129,Ubicación geográfica de pozos de petróleo y gas,eventual,Eventual,1º semestre de 2017,58,Energía y Minería,Energía y Minería
Pozos en terminados y en perforación,130,"Pozos terminados y en perforación de exploración, explotación y servicio.",R/P1M,Mensual,2º semestre de 2016,58,Energía y Minería,Energía y Minería
Precio Internacional (PI) del Petróleo Crudo,131,Precio de referencia internacional del petróleo tipo Brent.,R/P1M,Mensual,1º semestre de 2017,58,Energía y Minería,Energía y Minería
Precios de Comercio Exterior,132,Precios de comercio exterior de hidrocarburos.,R/P1M,Mensual,1º semestre de 2017,58,Energía y Minería,Energía y Minería
Precios de Escalante,133,Precios históricos del crudo tipo escalante,R/P1M,Mensual,2º semestre de 2016,58,Energía y Minería,Energía y Minería
Precios de petróleo Crudo por tipo,134,Precio del crudo por tipo en US$/m3 y WTI en US$/m3 y US$/bbl,R/P1M,Mensual,1º semestre de 2017,58,Energía y Minería,Energía y Minería
"Precios de Petróleo Crudo, Gas Natural, GLP, Gasolina y Condensado (Regalías)",135,Precios computados para el cálculo de regalías de hidrocarburos a las provincias o al estado nacional,R/P1M,Mensual,1º semestre de 2017,58,Energía y Minería,Energía y Minería
"Producción computable para regalías de crudo, condensado, gasolina gas natural y en m3 y en USD",136,"Producción computable para el cálculo de regalías de crudo, condensado y gasolina estabilizada",R/P1M,Mensual,2º semestre de 2017,58,Energía y Minería,Energía y Minería
Producción de GLP,137,Producción de GLP Condensado y Gasolina Estabilizada - Producción de GLP,R/P1M,Mensual,1º semestre de 2017,58,Energía y Minería,Energía y Minería
Producción de petróleo gas por yacimiento,138,"Producción de petróleo y gas natural desagregada por yacimiento, provincia, cuenca y concesión",R/P1M,Mensual,1º semestre de 2017,58,Energía y Minería,Energía y Minería
"Producción mensual de petróleo, gas y agua por pozo",139,Producción de Hidrocarburos por Pozo y Formación Productiva,R/P1M,Mensual,2º semestre de 2017,58,Energía y Minería,Energía y Minería
Pronósticos de producción de hidrocarburos,140,Pronósticos de producción de petróleo y gas natural,R/P1M,Mensual,2º semestre de 2017,58,Energía y Minería,Energía y Minería
Puntos de Venteo Declarados,141,Ubicación geográfica de puntos de venteo declarados de gas natural,eventual,Eventual,1º semestre de 2017,58,Energía y Minería,Energía y Minería
Registro de incidentes ambientales en producción de hidrocarburos,142,Incidentes ambientales asociados a la exploración y explotación de hidrocarburos,R/P1Y,Anual,2º semestre de 2017,58,Energía y Minería,Energía y Minería
Reservas de hidrocarburos,143,"Reservas de petróleo y gas comprobadas, probables y posibles en base a las DDJJ de las empresas, hasta el final de la concesión y de la vida útil.",R/P1Y,Anual,2º semestre de 2017,58,Energía y Minería,Energía y Minería
Trabajos geofisicos y perforación de pozos,144,Trabajos geofisicos y perforación de pozos,R/P1M,Mensual,2º semestre de 2017,58,Energía y Minería,Energía y Minería
Variación del precio en boca de pozo del gas por redes para GNC,145,Evolución del precio del GNC y variación respecto del mes anterior.,R/P1M,Mensual,2º semestre de 2016,58,Energía y Minería,Energía y Minería
"Volumen de venta de crudo, condensado y gasolina por cuenca, provincia y mercado",146,Abierto por mercado interno y externo.,R/P1M,Mensual,1º semestre de 2017,58,Energía y Minería,Energía y Minería
"Volumen de venta de gas y GLP cuenca, provincia y mercado",147,Abierto por mercado interno y externo.,R/P1M,Mensual,2º semestre de 2017,58,Energía y Minería,Energía y Minería
Yacimientos hidrocarburíferos,148,Capas geográficas de yacimientos de hidrocarburos.,eventual,Eventual,2º semestre de 2017,58,Energía y Minería,Energía y Minería
Registro de agentes GLP,149,Registro de agentes que participan del mercado de GLP.,R/P1M,Mensual,2º semestre de 2017,58,Energía y Minería,Energía y Minería
Registro de envases de GLP,150,Registro de envases circulantes de GLP en todo el país.,R/P1W,Semanal,2º semestre de 2017,58,Energía y Minería,Energía y Minería
Comercialización de derivados,151,Comercialización de productos derivados del petróleo,R/P1M,Mensual,1º semestre de 2017,58,Energía y Minería,Energía y Minería
"Compra, Venta y Transferencias de Combustible",152,Estadísticas por empresa y por provincia de comercialización de combustibles,R/P1M,Mensual,1º semestre de 2017,58,Energía y Minería,Energía y Minería
Estaciones de servicio,153,Ubicación geográfica de estaciones de servicio en todo el país,eventual,Eventual,2º semestre de 2017,58,Energía y Minería,Energía y Minería
Precios de venta de combustible en tiempo real,154,Precio vigente de ventas de combustibles por estación de servicio. Tiempo real sujeto a restricciones de carga (horas).,R/PT1S,Tiempo real,1º semestre de 2017,58,Energía y Minería,Energía y Minería
Precios en planta,155,Precios de Combustibles Líquidos en Planta (Canales de comercializacion y Reventa a estaciones de servicio),R/P1M,Mensual,1º semestre de 2017,58,Energía y Minería,Energía y Minería
Precios y volumenes de Gas Licuado de Petroleo,156,Estadísticas por empresa y por provincia de comercialización GLP,R/P1M,Mensual,1º semestre de 2017,58,Energía y Minería,Energía y Minería
Precios y volumenes en Estaciones de servicio de derivados,157,Estadísticas de venta de Estaciones de Servicio de combustibles,R/P1M,Mensual,1º semestre de 2017,58,Energía y Minería,Energía y Minería
Precios y volumenes mayoristas de derivados,158,Estadísticas mayoristas y en planta de combustibles,R/P1M,Mensual,2º semestre de 2017,58,Energía y Minería,Energía y Minería
"Refinación: Consumo Propio, petróleo procesado y productos elaborados",159,"Consumo propio de hidrocarburos en centros de refinación, procesamiento de petróleo crudo y otras cargas y productos elaborados en centros de refinación.",R/P1M,Mensual,1º semestre de 2017,58,Energía y Minería,Energía y Minería
Refinerías,160,Ubicación geográfica de refinerías,eventual,Eventual,1º semestre de 2017,58,Energía y Minería,Energía y Minería
Volúmenes transportados de derivados.,161,"Volumenes transportados de DDJJ por cargador y por producto (crudo, gasoil, GLP, nafta)",R/P1M,Mensual,2º semestre de 2017,58,Energía y Minería,Energía y Minería
"Gasoductos, JP Ductos, Oleoductos, Poliductos y Propanoductos troncales.",162,Trazas de ductos,eventual,Eventual,1º semestre de 2017,58,Energía y Minería,Energía y Minería
Instalaciones de hidrocarburos,163,Instalaciones de transporte de hidrocarburos georreferenciadas,eventual,Eventual,1º semestre de 2017,58,Energía y Minería,Energía y Minería
Puertos regasificadores,164,Ubicación geográfica de puertos regasificadores de GNL,eventual,Eventual,1º semestre de 2017,58,Energía y Minería,Energía y Minería
"Capacidad de Transporte Contratada en Firme, por Cargador",165,,R/P1M,Mensual,2º semestre de 2016,58,Energía y Minería,Energía y Minería
"Consumo en Combustible, Pérdidas y Gas natural no Contabilizado",166,Consumo de gas natural para su transporte.,R/P1M,Mensual,2º semestre de 2016,58,Energía y Minería,Energía y Minería
"Flujo Promedio Entregado vs. Capacidad Nominal de Transporte, por Gasoducto",167,,R/P1M,Mensual,2º semestre de 2016,58,Energía y Minería,Energía y Minería
Gas natural cargado por cuenca,168,"Gas natural Cargado en el Ingreso al Sistema de Transporte, por Cuenca",R/P1M,Mensual,2º semestre de 2016,58,Energía y Minería,Energía y Minería
Gas natural Cargado por Gasoducto y entregado por transportistas,169,"Gas natural Cargado en el Ingreso al Sistema de Transporte, por Gasoducto",R/P1M,Mensual,2º semestre de 2016,58,Energía y Minería,Energía y Minería
Gas natural importado y Exportado,170,Gas natural exportado por destino.,R/P1M,Mensual,2º semestre de 2016,58,Energía y Minería,Energía y Minería
Gas natural Recibido de Productores,171,"Gas natural Recibido de Productores, por Cuenca",R/P1M,Mensual,2º semestre de 2016,58,Energía y Minería,Energía y Minería
Balanza comercial minera,172,Balanza comercial de sustancias minerales y productos derivados totales,R/P1Y,Anual,1º semestre de 2017,58,Energía y Minería,Energía y Minería
Comercio exterior minero por rubro,173,Importaciones y exportaciones de sustancias minerales y productos derivados por rubro de producción minera.,R/P1Y,Anual,2º semestre de 2016,58,Energía y Minería,Energía y Minería
Exportaciones mineras por provincia,174,Exportaciones de sustancias minerales y productos derivados por provincia.,R/P1Y,Anual,2º semestre de 2016,58,Energía y Minería,Energía y Minería
Participación de las exportaciones mineras en el total nacional,175,Participación de importaciones de sustancias minerales y productos derivados por rubro de producción minera.,R/P1Y,Anual,2º semestre de 2016,58,Energía y Minería,Energía y Minería
Productos mineros exportados,176,Exportación de sustancias minerales y productos derivados. Principales productos por rubros (en U$S FOB).,R/P1Y,Anual,2º semestre de 2016,58,Energía y Minería,Energía y Minería
Informes del Jefe de Gabinete al Congreso de la Nación,177,"Estadística del intercambio en los informes mensuales del Jefe de Gabinete de Ministros de la Nación al Congreso. Cantidad de preguntas, Ministerios que responden, duración de la sesión, porcentajes de preguntas respondidas (total y por jurisdicción), legisladores y bloques intervinientes. Adicional: datos de los pedidos de informes individuales que los legisladores realizan al Poder Ejecutivo.",R/P1M,Mensual,2º semestre de 2016,25,Jefatura de Gabinete,JGM
Catálogo BACUA,178,"Catálogo del Banco Audiovisual de Contenidos Uiversales Argentinos. Disponible para consulta por categoria, codigo, productor, director, guinista y sinopsis",eventual,Eventual,1º semestre de 2017,25,Jefatura de Gabinete,JGM
Inmuebles del Estado Nacional,179,Datos correspondientes a los Inmuebles de Propiedad del Estado Nacional,R/P6M,Semestral,1º semestre de 2017,25,Jefatura de Gabinete,JGM
Cesiones de uso y alquileres de inmuebles del Estado Nacional,180,"Concesiones y cesiones de uso de inmuebles del Estado Nacional a organismos, ONG y privados.",R/P6M,Semestral,1º semestre de 2017,25,Jefatura de Gabinete,JGM
Cesiones de uso y alquileres de inmuebles al Estado Nacional,181,Los distintos organismos del Estado Nacional alquilan y reciben cesiones de uso de diversos inmuebles.,R/P6M,Semestral,1º semestre de 2017,25,Jefatura de Gabinete,JGM
Base de datos legislativos Infoleg,182,"Base de documentos digitales legislativos: leyes, decisiones administrativas, decretos, resoluciones, disposiciones, acordadadas y todo acto administrativo publicado en la primera sección del Boletín Oficial de la República Argentina desde mayo 1997 más la normativa referenciada.",R/P1M,Mensual,2º semestre de 2016,40,Justicia,Justicia
Centros de Acceso a la Justicia -CAJ-,183,Información correspondiente a los Centros de Acceso a la Justicia.,R/P3M,Trimestral,2º semestre de 2016,40,Justicia,Justicia
Sistema Nacional de Estadísticas de Ejecución de la Pena - SNEEP,184,"Datos sobre población Carcelaria en todo el País, incluyendo Servicio Penitenciario Federal y Servicios Penitenciarios Provinciales",R/P1Y,Anual,2º semestre de 2016,40,Justicia,Justicia
Declaración Jurada Patrimonial Integral de carácter público,185,"Datos correspondiente a las Declaraciones Juradas Patrimoniales Integrales presentadas por los sujetos obligados conforme lo normado en la Ley de Ética Pública 25.188 modificada por la Ley 26.857, reglamentada por el Decreto Nro. 895/2013 y la Resolución General AFIP Nro. 3511/2013 y Resolución M.J. y D.H. Nro. 1695/2013.",R/P3M,Trimestral,2º semestre de 2016,40,Justicia,Justicia
Entidades constituidas en la Inspección General de Justicia,186,Datos de las entidades constituidas en la Inspección General de Justicia,R/P1M,Mensual,2º semestre de 2016,40,Justicia,Justicia
Registro Nacional de Información de Personas Menores Extraviadas,187,"Datos sobre personas menores de edad de quienes se desconoce el paradero, así como de aquellos que se encuentran en establecimientos de atención, resguardo, detención o internación en todos los casos en que se desconocen sus datos filiatorios o identificatorios y de aquellos menores que fueran localizados, siempre que se cuente con la debida autorización judicial o la de sus progenitores.",R/P1D,Diaria,1º semestre de 2017,40,Justicia,Justicia
"Unidad de Registro, Sistematizaciòn y Seguimiento de Hechos de Violencia Institucional",188,"El registro analiza las formas de expresión de la violencia institucional sobre la base de las presentaciones, denuncias e informaciones recibidas en el ámbito de la Secretaría de Derechos Humanos. Este objetivo general se concretiza al identificar, describir y analizar los hechos y/o situaciones que involucren violaciones a los derechos humanos por parte de funcionarios/as pertenecientes a las fuerzas de seguridad, fuerzas armadas, personal penitenciario y efectores de salud en contextos de restricción de libertad y/o autonomía.",R/P3M,Trimestral,2º semestre de 2016,40,Justicia,Justicia
"Base de datos de la Unidad de Registro, Sistematización y Seguimiento de Femicidios y Homicidios Agravados por el Género.",189,"Esta base registra los femicidios y homicidios agravados por el género desde el año 2012 a la fecha. Se nutre de diversas fuentes: articulos de prensa escrita, denuncias policiales y judiciales, denuncias realizadas ante la Secretaría de Derechos Humanos.",R/P3M,Trimestral,2º semestre de 2016,40,Justicia,Justicia
Registro Unificado de VÍctimas del Terrorismo de Estado,190,"El objetivo del Registro es la construcción de una matriz de datos de alcance nacional en permanente estado de actualización sobre las víctimas del accionar represivo ilegal del Estado argentino y, en cumplimiento de lo dispuesto por la Ley 26.691, de los centros clandestinos de detención y otros lugares de reclusión utilizados por la fuerza represiva estatal, entre otras tareas de investigación.",eventual,Eventual,2º semestre de 2016,40,Justicia,Justicia
Solicitudes de Autorización de Tenencia de Armas de Fuego,191,"Listado de Solicitudes de Autorización de Tenencia de Armas de Fuego comprendidas en el ""Procedimiento de Participación Ciudadana por Oposición para la Autorización de Tenencia o Portación de Armas de Fuego"". Las solicitudes permanecen publicadas hasta las 00:00 horas del día siguiente al vencimiento de la publicación. Resolución MJyDDHH Nº 373/2013",R/P1M,Mensual,2º semestre de 2016,40,Justicia,Justicia
Solicitudes de Autorización de Portación de Armas de Fuego,192,"Listado de Solicitudes de Autorización de Portación de Armas de Fuego comprendidas en el ""Procedimiento de Participación Ciudadana por Oposición para la Autorización de Tenencia o Portación de Armas de Fuego"". Las solicitudes permanecen publicadas hasta las 00:00 horas del día siguiente al vencimiento de la publicación. Resolución MJyDDHH Nº 373/2013",R/P1M,Mensual,2º semestre de 2016,40,Justicia,Justicia
Sistema de Consulta Nacional de Rebeldías y Capturas (base Co.Na.R.C.).,193,"La base Co.Na.R.C., creada a partir de la sanción del decreto 346/2009, se conforma con las comunicaciones que los tribunales realizan al Registro Nacional de Reincidencia de toda medida restrictiva a la libertad ambulatoria que se dicta en el marco de una causa penal, en cualquier jurisdicción del país (ámbito federal, nacional, provincial y de la CABA).  La base sólo refleja las órdenes de detención vigentes.",R/P1M,Mensual,2º semestre de 2016,40,Justicia,Justicia
Internos del SPF,194,Procesados y condenados alojados en unidades del Servicio Penitenciario Federal (anonimizados los campos que correspondan).,R/P1M,Mensual,2º semestre de 2016,40,Justicia,Justicia
Mapa de Conectividad de Redes de la República Argentina,195,"Mapa de redes de telecomunicaciones mostrando la oferta de servicios fijos, moviles y de conectividad de banda ancha, Backbones de fibra optica y los puntos de interconexión en cada localidad o departamento del país.",R/P3M,Trimestral,1º semestre de 2017,59,Comunicaciones,Comunicaciones
Registro de Autorizaciones Satelitales,196,Listado de autorizaciones satelitales,R/P3M,Trimestral,1º semestre de 2017,59,Comunicaciones,Comunicaciones
Registro de Proveedores Postales y Servicios de Mensajería,197,Listado de prestadores postales y servicios de mensajería autorizados a dar servicios postales en la Republica Argentina,R/P1W,Semanal,2º semestre de 2016,59,Comunicaciones,Comunicaciones
Listado de prestadores de telefonía,198,"Listado de prestadores de telefonía fija, móvil y de larga distancia autorizados a dar servicio",R/P1W,Semanal,2º semestre de 2016,59,Comunicaciones,Comunicaciones
Estadísticas sobre Negociación Colectiva y Conflictividad Laboral,199,Conjunto de indicadores que reflejan la situación y la evolución de la negociación colectiva y la conflictividad laboral.,R/P1M,Mensual,2º semestre de 2016,75,Trabajo,Trabajo
Boletín de estadísticas sobre demografía de empresas y empleo,200,"Contiene información sobre la demografía de las empresas (aperturas, cierres, continuadoras) y la dinámica del empleo, sobre empresas de rápido crecimiento y supervivencia de las firmas.",R/P3M,Trimestral,2º semestre de 2016,75,Trabajo,Trabajo
Datos sobre el total de trabajadores registrados,201,"Describe la situación y evolución del total de trabajadores registrados (asalariados, trabajadores en casas particulares, autónomos y monotributistas)",R/P1M,Mensual,2º semestre de 2016,75,Trabajo,Trabajo
Datos resultantes del Plan Nacional de Regularización del Trabajo (PNRT),202,"Describe: (i) cantidad de inspecciones realizadas, (ii) cantidad de trabajadores relevados, (iii) tasa de no registro y (iv) tasa de regularización.",R/P6M,Semestral,2º semestre de 2016,75,Trabajo,Trabajo
Boletín de estadísticas de Seguridad Social,203,"Conjunto de estadísticas de las distintas ramas de la seguridad social: jubilaciones y pensiones, asignaciones familiares, seguro por desempleo y riesgos del trabajo.",R/P3M,Trimestral,2º semestre de 2016,75,Trabajo,Trabajo
PBI cultural,204,Valor agregado de las actividades culturales,R/P1Y,Anual,2º semestre de 2016,72,Cultura,Cultura
Empleo cultural,205,Cantidad de personas empleadas en actividades culturales privadas y en el sector público,R/P1Y,Anual,2º semestre de 2016,72,Cultura,Cultura
Presupuesto publico en cultura a nivel nacional,206,"Presupuesto ejecutado por el ministerio de cultura y sus organismos descentralizados, así como otros organismos y programas que realizan actividades culturales",R/P1Y,Anual,2º semestre de 2016,72,Cultura,Cultura
Espacios culturales,207,"Listado nacional de museos, bibliotecas especializadas, bibliotecas populares, fiestas populares y festivales, librerías, salas de teatro, salas de cine, casas del bicentenario, carreras culturales y puntos de cultura",R/P1Y,Anual,2º semestre de 2016,72,Cultura,Cultura
Agentes culturales,208,"Listado nacional de sellos musicales, editoriales de libros, canales de tv abierta, diarios impresos y radios",R/P1Y,Anual,2º semestre de 2016,72,Cultura,Cultura
Estadísticas hospitalarias de establecimientos dependientes de Nación,209,"Cantidad de consultas, egresos, cirugías y camas disponibles en establecimientos nacionales. Diagnóstico por imágenes, cirugías por tipo y otras perstaciones.",R/P1Y,Anual,1º semestre de 2017,80,Salud,Salud
Registro de personas con CUD (certificado único de desicapacidad),210,"Distribución por provincia, tipo de discapacidad, etc",R/P1Y,Anual,1º semestre de 2017,80,Salud,Salud
Registro prestadores servicios de discapacidad,211,"Registro de prestadores de servicios de discapacidad inscriptos en SNR (por provincia, tipo de prestación)",eventual,Eventual,1º semestre de 2017,80,Salud,Salud
Registros INCUCAI,212,"Estadisticas de Pacientes en lista de espera para órganos y tejidos, expresiones de voluntad para la donación, pacientes con ERC",eventual,Eventual,1º semestre de 2017,80,Salud,Salud
ANMAT - Vademecun Nacional de Medicamentos,213,"Medicamentos comercializados en la República Argentina. La base incluye laboratorio, presentación, precio sugerido de venta al público",eventual,Eventual,1º semestre de 2017,80,Salud,Salud
ANMAT - Sistema Nacional de Farmacovigilancia,214,Notificaciones de reacciones adversas a medicamentos,eventual,Eventual,1º semestre de 2017,80,Salud,Salud
ANMAT- Registro Nacional de Establecimientos,215,Establecimientos certificados por autoridades sanitarias jurisdiccionales. Empresas elaboradoras de productos alimenticios o suplementos dietarios.,eventual,Eventual,1º semestre de 2017,80,Salud,Salud
ANMAT -Sistema de Información Federal para la Gestión del Control de los Alimentos,216,Consulta de productos inscriptos en el Registro Nacional de Productos Alimenticios. Autorizado por INAL.,eventual,Eventual,1º semestre de 2017,80,Salud,Salud
ANMAT- Cosméticos,217,"Listado y localización de productos elaboradores, importadores y exportadores de productos cosméticos",eventual,Eventual,1º semestre de 2017,80,Salud,Salud
ANMAT - Productos Domisanitarios,218,"Productos destinados a la limpieza, lavado, odorización, higienización del hogar certificados por ANMAT",eventual,Eventual,1º semestre de 2017,80,Salud,Salud
Padrón de OOSS Nacionales,219,"Registro de OOSS, características demográficas de afiliados",R/P1Y,Anual,1º semestre de 2017,80,Salud,Salud
Financiamiento de OOSS,220,Transferencias a OOSS del Fondo Solidario de Redistribución (SUR - SUMA - SUMA 70 - SUMARTE - SANO). Fondos aplicados a prestaciones de alto costo y a garantizar un piso de financiamiento por afiliado,R/P3M,Trimestral,1º semestre de 2017,80,Salud,Salud
Facturación Hospitales de Autogestión,221,Facturación y pagos recibidos de Hospitales de Autogestión por prestaciones a afiliados de OOSS,R/P3M,Trimestral,1º semestre de 2017,80,Salud,Salud
Padrón de Empresas de Medicina Prepaga,222,"Registro de Prepagas, cantidad de afiliados directos y desregulados por provincia",R/P1Y,Anual,1º semestre de 2017,80,Salud,Salud
Municipios - Agenda Presidencial,223,Municipios que visita el Presidente en actos de Gobierno,R/P1M,Mensual,2º semestre de 2016,20.01,Secretaría General,Presidencia
Dominios de Internet,224,Descripción de los datos típicos de los dominios de internet en formato según RFC 7482,R/P1W,Semanal,2º semestre de 2016,20.02,Secretaría Legal y Técnica,Presidencia
Normativa,225,"Boletín Oficial de la República Argentina. Publicación de la normativa, avisos comerciales y judiciales.",R/P1W,Semanal,2º semestre de 2016,20.02,Secretaría Legal y Técnica,Presidencia
Base de Instrumentos para el Desarrollo Productivo (BIDP),226,"Registo de subsidios e incentivos que brinda el Estado Nacional para fines productivos a través de sus organismos (excluye programas sociales). Incluye un Padrón de Políticas, con la descripción de cada política de apoyo productivo, y un Padrón de Beneficiarios, con información de los beneficios percibidos por las empresas beneficiarias de los programas.",R/P1M,Mensual,2º semestre de 2016,51,Producción,Producción
Banco de Proyectos de Inversión Pública,227,"Registro de los proyectos de inversión de todos los organismos del Sector Publico Nacional. Creado por ley 24,354 del año 1994. Todos los organismos del SPN tienen obligación de registrar sus proyectos en este Banco, lo hacen en forma directa a través de un aplicativo que se conecta con el Servidor administrado por la Dirección Nacional de Inversión Pública, y próximamente en un nuevo sistema informático en entorno Web. Los principales campos de cada proyecto se publican en Internet en la Web del Ministerio.",R/P1D,Diaria,2º semestre de 2016,51,Producción,Producción
Registro Industrial de la Nacion,228,El Registro Industrial de la Nación (RIN) tiene un rol fundamental en la recopilación de información cuantitativa y cualitativa sobre las industrias que desarrollan actividades en el Territorio Nacional.,R/P1Y,Anual,1º semestre de 2017,51,Producción,Producción
Registro de Armas Quimicas,229,"El registro incluye las personas físicas y jurídicas que produzcan, comercialicen, importen o exporten sustancias químicas listadas por la Convención o sustancias químicas",R/P1Y,Anual,1º semestre de 2017,51,Producción,Producción
Registro de Expertos Pymes,230,"Base de datos en el marco del programa ""Expertos Pymes"" cuyo objetivo es brindar a las empresas la posibilidad de contratar expertos en asesoramiento técnico y organizacional.",R/P1Y,Anual,1º semestre de 2017,51,Producción,Producción
Registro de Incubadoras,231,"Registro de personas jurídicas (mixtas, públicas o privadas) o entidades que ofrecen servicios de incubación de empresas.",R/P1Y,Anual,1º semestre de 2017,51,Producción,Producción
Registro Pyme,232,"Registro de micro, pequeñas y medianas empresas",eventual,Eventual,1º semestre de 2017,51,Producción,Producción
Ciudades para Emprender,233,"Registro de Ciudades para Emprender, cuyo objetivo es impulsar la creación de nuevas empresas atendiendo a la vocación territorial y a la planificación económica estratégica y la generación de capacidades emprendedoras locales.",R/P1Y,Anual,1º semestre de 2017,51,Producción,Producción
Registro de Aceleradoras,234,"Incluye información sobre aceleradoras que permitan el financiamiento y desarrollo de empresas innovadoras, de alto impacto y con mercados globales",R/P1Y,Anual,1º semestre de 2017,51,Producción,Producción
Registro del Programa Desarrollo de Proveedores,235,Registro de Proveedores para sectores estrategicos,R/P1Y,Anual,1º semestre de 2017,51,Producción,Producción
"Registro de fabricantes e importadores de vehículos, fabricantes e importadores de autopartes",236,Registro del sector automotriz,R/P1Y,Anual,1º semestre de 2017,51,Producción,Producción
"Fabricantes e importadores de bicicletas, registro de fabricantes e importadores de cámaras y cubiertas.",237,proveedores e importadores de bicicletas,R/P1Y,Anual,1º semestre de 2017,51,Producción,Producción
Registro Nacional de laboratorios de ensayos de autopartes y vehículos completos.,238,Registro del sector automotriz,R/P1Y,Anual,1º semestre de 2017,51,Producción,Producción
Registro de Bienes de Capital,239,Registro de las empresas que fabrican bienes de capital,R/P1Y,Anual,2º semestre de 2017,51,Producción,Producción
Registro Nacional de Productores de Software y Servicios Informáticos.,240,"Registro correspondiente al Régimen de Promoción de la Industria del Software (Ley 25.922), que prevé beneficios para la industria del software y servicios informáticos.",R/P1Y,Anual,2º semestre de 2017,51,Producción,Producción
Plan Nacional de Diseño,241,"Registro abierto de agencias, diseñadores y empresas que participan del programa",R/P1Y,Anual,1º semestre de 2017,51,Producción,Producción
COPREC,242,Registro de los reclamos del ciudadano en materia de defensa del consumidor como así también consultas respecto a los programas de precios de gobierno.,R/P1Y,Anual,2º semestre de 2017,51,Producción,Producción
Tribunal arbitral,243,Registro de árbitros de consumidores y de cámaras empresariales.,R/P1Y,Anual,2º semestre de 2017,51,Producción,Producción
Asociaciones de consumidores,244,Registro nacional de asociaciones de consumidores,R/P1Y,Anual,2º semestre de 2017,51,Producción,Producción
Registro Nacional de Infractores,245,Registro según art. 49 del Anexo I al Decreto N 1798/94 reglamentario de la Ley 24.240,R/P1Y,Anual,2º semestre de 2017,51,Producción,Producción
Metrología,246,Registro de operadores en materia de metrología legal.,R/P1Y,Anual,2º semestre de 2017,51,Producción,Producción
Estadistica Educativa,247,"Desagregadas por modalidad, oferta educativa, nivel educativo y sector de gestion segun departamento",R/P6M,Semestral,1º semestre de 2017,70,Educación,Educación
Indicadores Educativos,248,"Información sobre Tasa de Promoción Efectiva, Tasa de Repitencia, Tasa de Abandono Interanual, Porcentaje de Sobreedad, Tasa de Escolarización",R/P6M,Semestral,1º semestre de 2017,70,Educación,Educación
Registro de Establecimientos Educativos,249,Padrón Oficial de Establecimientos Educativos,eventual,Eventual,1º semestre de 2017,70,Educación,Educación
Empresas de transporte RMBA,250,Detalle de empresas de transporte que operan: - Jurisdiccion Nacional - Jurisdicción Provincial - Jurisdicción Municipal,R/P3M,Trimestral,2º semestre de 2016,57,Transporte,Transporte
Líneas de transporte RMBA,251,Detalle de líneas de transporte que operan: - Jurisdiccion Nacional - Jurisdicción Provincial - Jurisdicción Municipal,R/P3M,Trimestral,2º semestre de 2016,57,Transporte,Transporte
Cancelaciones por año RMBA,252,Histórico de operaciones de viajes por año: A) Cantidad y detalle por modo. B) Cantidad y detalle por empresa. C) Cantidad y detalle de linea. D) Cantidad y detalle de linea y tipo de pasaje (normal - atributo social),R/P1Y,Anual,1º semestre de 2017,57,Transporte,Transporte
Cancelaciones mes RMBA,253,Histórico de operaciones de viajes por mes: A) Cantidad y detalle por modo. B) Cantidad y detalle por empresa. C) Cantidad y detalle de linea. D) Cantidad y detalle de linea y tipo de pasaje (normal - atributo social),R/P3M,Trimestral,2º semestre de 2016,57,Transporte,Transporte
Informes estadísticos y Protocolos.,254,Confección de estadísticas en base a la información recolectada por distintas fuentes como así también confección de protocolos para su posterior utilización por las fuerzas.,eventual,Eventual,1º semestre de 2017,41,Seguridad,Seguridad
DNFyC (Marte)/BECAS,255,"Contempla normativa de todos los programas de becas, los registros de todos los becarios, rendición de cuenta de las universidades, notas firmadas por el Director Nacional",eventual,Eventual,1º semestre de 2017,41,Seguridad,Seguridad
Sistema Nacional de Información Criminal (Total de hechos delictuosos y SAT Propiedad),256,Información a nivel nacional y provincial sobre presuntos hechos delictuosos registrados en sede policial (mesodatos).,R/P1Y,Anual,1º semestre de 2017,41,Seguridad,Seguridad
"Sistema Nacional de Información Criminal (Sistema de Alerta Temprana -SAT- de homicidios dolosos consumados y en grado de tentativa, homicidios culposos en accidentes de tránsito consumados y suicidios consumados).",257,Información a nivel nacional y provincial sobre presuntos hechos delictuosos registrados en sede policial (microdatos).,R/P1Y,Anual,1º semestre de 2017,41,Seguridad,Seguridad
Observatorio Legislativo de Seguridad Ciudadana,258,Página web que tiene como objetivo erigirse como una herramienta de consulta para todos aquellos interesados en la normativa vinculada a la seguridad.,eventual,Eventual,1º semestre de 2017,41,Seguridad,Seguridad
Asignación Salarial de las Autoridades Superiores del Poder Ejecutivo Nacional,259,Asignación salarial mensual (bruta)* de las Autoridades Superiores del Poder Ejecutivo Nacional.,R/P1M,Mensual,2º semestre de 2016,26,Modernización,Modernización
Estructura Orgánica y Autoridades del Poder Ejecutivo Nacional,260,"Estructura y autoridades de la Administración Centralizada del Estado Nacional, tomando como fuente de información el Boletín Oficial y los respectivos Decretos de designación de cargos en la Administración Pública Nacional.",eventual,Eventual,2º semestre de 2016,26,Modernización,Modernización
Sistema de Contrataciones Electrónicas,261,"Datos correspondiente al Sistema de Contrataciones Electrónicas, incluyendo las contrataciones de bienes y servicios, el Sistema de Información de Proveedores (SIPRO) y el Catálogo de Bienes y Servicios (SIByS)",eventual,Eventual,2º semestre de 2016,26,Modernización,Modernización
Registro Central de Personas Contratadas,262,"Nómina del personal contratado por el Poder Ejecutivo Nacional correspondiente a la Administración Central y Descentralizada, detallando información sobre el personal contratado, la modalidad del contrato, así como la jurisdicción y organismo contratante.",R/P3M,Trimestral,2º semestre de 2016,26,Modernización,Modernización
Catálogo de trámites y servicios,263,Inventario de trámites y servicios disponibles a través de Argentina.gob.ar,eventual,Eventual,2º semestre de 2016,26,Modernización,Modernización
Oferta del Sistema Nacional de Capacitación,264,"Cursos, becas, y actividades promovidas y organizadas por el Instituto Nacional de la Administración Pública (INAP) en el marco del Sistema Nacional de Capacitación.",eventual,Eventual,2º semestre de 2016,26,Modernización,Modernización
Registro de Prestadores del Sistema Nacional de Capacitación,265,Listado de prestadores inscriptos al Sistema Nacional de Capacitación,eventual,Eventual,2º semestre de 2016,26,Modernización,Modernización
Plan de Apertura de Datos,266,"Nómina de la totalidad de los Planes de Apertura de Datos de los Ministerios, Secretarías, y Organismos descentralizados y desconcentrados del Poder Ejecutivo Nacional, que han sido presentados como compromiso por parte de dichas jurisdicciones.",R/P1Y,Anual,2º semestre de 2016,26,Modernización,Modernización
Programa Nacional de Infraestructura Turística,267,Listado de obras turísticas realizadas en el marco del PNIT,eventual,Eventual,2º semestre de 2016,53,Turismo,Turismo
Consulta de Agencias de Viajes Autorizadas,268,"Listado de todas las Agencias de Turismo autorizadas en el país, incluyendo: Turismo Estudiantil, Turismo Receptivo y Turismo Receptivo Chino.",R/P1W,Semanal,1º semestre de 2017,53,Turismo,Turismo
Distinguidos de Calidad,269,Listado de Organizaciones distinguidas en Calidad de Turismo,eventual,Eventual,1º semestre de 2017,53,Turismo,Turismo
Llegadas de Turistas No residentes a la Argentina por todas las vías de ingresos,270,Listado por nacionalidad de Turistas no residentes que llegan a la Argentina.,R/P3M,Trimestral,1º semestre de 2017,53,Turismo,Turismo
Turistas residentes que viajan por Argentina,271,Listado de Turistas residentes que viajan por Argentina.,R/P3M,Trimestral,1º semestre de 2017,53,Turismo,Turismo
Registro Nacional de Prestadores,272,"Registro de Establecimientos y Padrón de Profesionales, ambos con fecha de vencimiento de inscripción",R/P1M,Mensual,1º semestre de 2017,80,Salud,Salud
Gestión de Reclamos,273,Estadísticas de Reclamos y Expedientes en trámite y resueltos. Incluye aquellos derivados de la Defensoría del Pueblo y Asociaciones.,R/P1M,Mensual,1º semestre de 2017,80,Salud,Salud
Compras y contrataciones,274,"Datos correspondientes a Contrataciones, Licitaciones públicas, empresas adjudicadas.",R/P1M,Mensual,1º semestre de 2017,80,Salud,Salud
Encuestas de Satisfacción,275,"Resultados de encuestas realizadas en los Centros de Atención de todo el país, y encuesta Online en WEB.",R/P6M,Semestral,1º semestre de 2017,80,Salud,Salud
Red de carga SUBE RMBA,276,"Puntos de venta de tarjetas SUBE: A) Detalle de puntos de venta, ubicación geográfica. B) Detalle de puntos de recarga, ubicación geográfica. C) Detalle de puntos de recarga automaticos (TAS), ubicación geográfica. D) Detalle de puntos de acreditacion de saldo (p/carga virtual), ubicación geográfica.",R/P3M,Trimestral,2º semestre de 2016,57,Transporte,Transporte
Trenes Transporte de pasajeros,277,Detalle pasajeros por línea / ramal,R/P1M,Mensual,1º semestre de 2017,57,Transporte,Transporte
Trenes Transporte de pasajeros,278,Detalle estaciones,eventual,Eventual,1º semestre de 2017,57,Transporte,Transporte
Puerto Buenos Aires,279,Cantidad de pasajeros (entrada - salida),R/P1M,Mensual,1º semestre de 2017,57,Transporte,Transporte
Aeropuertos,280,Detalle aeropuertos,eventual,Eventual,1º semestre de 2017,57,Transporte,Transporte
Aportes,281,Detalle de aportes al transporte público de pasajeros por medio: A) Colectivos (Corta y larga distancia) B) Trenes (Concesionados / Estado),R/P1M,Mensual,1º semestre de 2017,57,Transporte,Transporte
S.I.S.T.A.U. Sistema Integrado de Transporte Automotor,282,Subsidios Colectivos,R/P1M,Mensual,1º semestre de 2017,57,Transporte,Transporte
Servicio Móvil Marítimo y Aeronáutico,283,Listado de embarcaciones autorizadas,R/P1W,Semanal,2º semestre de 2016,59,Comunicaciones,Comunicaciones
Licencias de radiodifusión,284,Listado de licencias de radiodifusión,R/P1W,Semanal,2º semestre de 2016,59,Comunicaciones,Comunicaciones
Radioaficionados,285,Listado de radioaficionados autorizados,R/P1W,Semanal,2º semestre de 2016,59,Comunicaciones,Comunicaciones
Operadores de Telecomunicaciones,286,Listado de operadores certificados,R/P1W,Semanal,2º semestre de 2016,59,Comunicaciones,Comunicaciones
Equipos inscriptos homologadas,287,Homologación de equipos inscriptos,R/P1W,Semanal,2º semestre de 2016,59,Comunicaciones,Comunicaciones
Empresas inscriptas homologadas,288,Homologación de empresas inscriptas,R/P1W,Semanal,2º semestre de 2016,59,Comunicaciones,Comunicaciones
Servicios de Internet,289,Servicios de Internet,R/P1W,Semanal,1º semestre de 2017,59,Comunicaciones,Comunicaciones
Radioclubes,290,Listado de radioclubes,R/P1W,Semanal,1º semestre de 2017,59,Comunicaciones,Comunicaciones
Estaciones repetidoras,291,Listado de estaciones repetidoras,R/P1W,Semanal,1º semestre de 2017,59,Comunicaciones,Comunicaciones
Señales distintivas,292,Listado de señales distintivas,R/P1W,Semanal,1º semestre de 2017,59,Comunicaciones,Comunicaciones
Numeración geográfica y no geográficas,293,"Numeración asociada a una zona geográfica en particular, y aquellas cuyo destino puede estar en cualquier parte del territorio nacional",R/P1M,Mensual,1º semestre de 2017,59,Comunicaciones,Comunicaciones
Reclamos de Usuarios,294,"Información georeferenciada de los reclamos por usuarios, prestadoras y tipos de servicios",R/P1M,Mensual,2º semestre de 2017,59,Comunicaciones,Comunicaciones
Radiaciones No Ionizantes (RNI),295,Información sobre las mediciones realizadas sobre radiaciones electromagnéticas de los diversos servicios y sistemas de comunicaciones radioeléctricos.,R/P1M,Mensual,2º semestre de 2017,59,Comunicaciones,Comunicaciones
Solicitudes de Acceso a la Información,296,Registro de solicitudes efectuadas en el marco de la normativa de acceso a la informacion,R/P6M,Semestral,2º semestre de 2016,30,Interior,Interior
Audiencias de Gestión de Intereses,297,Registro de audiencias efectuadas en el marco del decreto 1172/2003,eventual,Eventual,2º semestre de 2016,30,Interior,Interior
Base de datos Hidrologica Integrada,298,"Base de datos diferenciado por red hidrologica, cuenca, rio, parametros y/o Provincia",R/P6M,Semestral,1º semestre de 2017,30,Interior,Interior
Datos de Municipios,299,"Información sobre autoridades, ubicacion geografica, datos institucionales y contacto",eventual,Eventual,1º semestre de 2017,30,Interior,Interior
Datos e información Electoral,300,"Resultados historicos de Elecciones Nacionales: Cantidad de electores, votos válidos, en blanco y nulos de todos los distritos.",R/P1Y,Anual,2º semestre de 2016,30,Interior,Interior
Sistema de Información Geográfica,301,Sistema de Información Geográfica desarrollado por la Subsecretaría de Planificación Territorial del Ministerio del Interior,R/P6M,Semestral,1º semestre de 2017,30,Interior,Interior
Plan Estrategico Territorial,302,Descripción de los planes comprendidos en el PET,eventual,Eventual,1º semestre de 2017,30,Interior,Interior
Atlas de indicadores de desarrollo territoriales,303,Visualización de fenómenos y procesos de desarrollo que caracterizan al territorio argentino,eventual,Eventual,1º semestre de 2017,30,Interior,Interior
Sistema de Identificación y Ponderación de Proyectos Estrategicos,304,Datos sobre proyectos y planes del SIPPE,eventual,Eventual,1º semestre de 2017,30,Interior,Interior
Estadisticas MIgratorias,305,Información sobre movimientos migratorios en el Pais,R/P6M,Semestral,1º semestre de 2017,30,Interior,Interior
Inventario de Archivos Abiertos de las FFAA,306,Documentos digitalizados vinculados a hallazgos que nos acercan al conocimiento de nuestra historia que se encuentran en los Archivos Generales de las FF.AA.,eventual,Eventual,2º semestre de 2016,45,Defensa,Defensa
Registro Público de Veteranos de Guerra de Malvinas,307,"Altas, Bajas y Modificaciones del Registro Público de Veteranos de Guerra de Malvinas.",R/P1M,Mensual,2º semestre de 2016,45,Defensa,Defensa
Operaciones de Paz,308,Información relativa a las misiones de Paz desplegadas por el Ministerio de Defensa.,R/P6M,Semestral,1º semestre de 2017,45,Defensa,Defensa
Agregadurias Militares,309,Información de los miembros destinados de las Agregadurías Militares.,R/P1Y,Anual,1º semestre de 2017,45,Defensa,Defensa
Formación,310,Estadístcas de los institutos de educación de todos los niveles que funcionan bajo la orbita de las FFAA.,R/P1Y,Anual,1º semestre de 2017,45,Defensa,Defensa
Apoyo a la Comunidad,311,Información de los apoyos a la comunidad brindados por las FFAA ante desastres naturales o sociales.,R/P6M,Semestral,1º semestre de 2017,45,Defensa,Defensa
Información con persepectiva de genero,312,Información sobre la integración de las mujeres a las FF.AA. Información institucional de las políticas de genero llevadas a cabo en el ambito del MINDEF.,R/P1Y,Anual,1º semestre de 2017,45,Defensa,Defensa
Cuestión Antartica,313,Información de las actividades antárticas del sistema de defensa.,R/P1Y,Anual,1º semestre de 2017,45,Defensa,Defensa
Ejercicios Combinados,314,Información de los Ejercicios combinados realizados con las FF.AA. de otros países.,R/P1Y,Anual,1º semestre de 2017,45,Defensa,Defensa
Listado de Productos Comercializables (Fabricaciones Militares),315,"Unidades de Negocios, Bienes y Servicios comercializados, especificaciones técnicas",R/P1M,Mensual,2º semestre de 2016,45,Defensa,Defensa
Fototeca departamento de Hidrografía,316,Catálogo de Fotografías,R/P1M,Mensual,1º semestre de 2017,45,Defensa,Defensa
Cartas electrónicas,317,Catálogo de Cartas Electrónicas,eventual,Eventual,1º semestre de 2017,45,Defensa,Defensa
Faros Argentinos,318,"Listad de Faros, nombre posición latitud-longitud",eventual,Eventual,1º semestre de 2017,45,Defensa,Defensa
Balizas,319,"Lista de las Balizas, Nombre Posición-Latitiud-Longitud",eventual,Eventual,1º semestre de 2017,45,Defensa,Defensa
Tablas de Marea,320,Planilla de predicciones de pleamares y bajamares,R/P1Y,Anual,1º semestre de 2017,45,Defensa,Defensa
Datos de Horarios de Marea,321,"Día, hora, estación, dato de marea",R/P1D,Diaria,1º semestre de 2017,45,Defensa,Defensa
Estaciones Meteorológicas,322,Planilla de ubicación de las estaciones mareográficas,R/P1Y,Anual,1º semestre de 2017,45,Defensa,Defensa
Tabla de Predicción de Corrientes,323,Planilla de predicciones de corrientes de Marea,R/P1Y,Anual,1º semestre de 2017,45,Defensa,Defensa
Pronósticos de Marea,324,Planilla de Pronóstico de Marea para el Río de la Plata,R/P1D,Diaria,1º semestre de 2017,45,Defensa,Defensa
Pronósticos de Olas,325,Planilla de Pronóstico de Olas para el Río de la Plata,R/P1D,Diaria,1º semestre de 2017,45,Defensa,Defensa
Informes de Campañas,326,"Listado de los informes de campañas. Nombre, actividades desarrolladas, zona de trabajo, fecha.",R/P6M,Semestral,1º semestre de 2017,45,Defensa,Defensa
Calidades de Fondo,327,Caracterizacion geologica del fondo marino según analisis de muestras obtenidas.,R/P6M,Semestral,1º semestre de 2017,45,Defensa,Defensa
Datos Fisico-químicos de agua de mar,328,"Tabla que contiene información periódica del agua de mar. Oxígeno disuelto, nutrientes, turbidez, nivel de clorofila, contaminantes, temperatura, corrientes, mareas, olas y datos meteorológicos",R/P6M,Semestral,1º semestre de 2017,45,Defensa,Defensa
Efemerides,329,Indica las horas de salida y puesta de sol y luna para cada dia del año y cada lugar.,R/P1D,Diaria,1º semestre de 2017,45,Defensa,Defensa
Convenios firmados por el IGN,330,Convenios firmados desde 1980,R/P1M,Mensual,2º semestre de 2016,45,Defensa,Defensa
Archivos de la Red Argentina de Monitoreo Satelital Permantente,331,Información disponible de todas las bases que integran el RAMSAC,R/PT1S,Tiempo real,2º semestre de 2016,45,Defensa,Defensa
Información del RAMSAC - NTRIP,332,Información sobre el posicionamiento en tiempo real,R/PT1S,Tiempo real,2º semestre de 2016,45,Defensa,Defensa
Mapa fisico y politico de la Argentina y de las Provincias,333,"Archivos vectoriales correspondientes a diferentes objetos geograficos tales como actividades humanas, centros poblados, coberturas del suelo, cuerpos de agua, cursos de agua, curvas de nivel, departamentos, tejidos urbanos, islas, limites politico-administrativos, provincias, puentes, puntos geograficos destacados, red vial, infraestructura rural, infraestructura de transporte, coberturas hojas escala",eventual,Eventual,2º semestre de 2016,45,Defensa,Defensa
Archivos transferencia de tiempo,334,Información para diseminar y comparar la escala de tiempo GPS y tiempo atómico.,eventual,Eventual,2º semestre de 2016,45,Defensa,Defensa
Red Argentina de Gravedad Absoluta,335,Gravedad de los puntos RAGA,eventual,Eventual,2º semestre de 2016,45,Defensa,Defensa
Red Gravimétrica de Primer Orden (BACARA),336,Valores de gravedad finales que surgen de un ajuste por minimos cuadrados,eventual,Eventual,1º semestre de 2017,45,Defensa,Defensa
Normas de uso de abreviaturas,337,Listado que normaliza las abreviaturas usadas por el IGN,eventual,Eventual,2º semestre de 2016,45,Defensa,Defensa
Prónostico del Tiempo,338,"Pronóstico de temperatura, viento y precipitación para varias localidades del país.",R/P1D,Diaria,1º semestre de 2017,45,Defensa,Defensa
Dato meteorológico de todas las estaciones de superficie del país (GTS),339,Sistema coordinado de telecomunicación global que permite conocer los datos de las estaciones meteorológicas de todo el país.,R/P1D,Diaria,1º semestre de 2017,45,Defensa,Defensa
Registro de Temperatura,340,Temperaturas máximas y mínimas diarias registradas durante el último año.,R/P1Y,Anual,1º semestre de 2017,45,Defensa,Defensa
Mapa de Estaciones,341,"Ubicación de las estaciones meteorológicas, su código OACI, latitud y longitud",eventual,Eventual,1º semestre de 2017,45,Defensa,Defensa
Datos de Radiación,342,Datos que se obtienen mediante la medición de la radiación solar y su interacción con la atmósfera,eventual,Eventual,2º semestre de 2016,45,Defensa,Defensa
Alertas,343,Advertencias sobre fenómenos meteorológicos significativos que pueden poner en riesgo la vida de la población.,eventual,Eventual,2º semestre de 2016,45,Defensa,Defensa
Estado del Tiempo,344,Último registro de las variable meterológicas medidas en la red del SMN,R/PT1S,Tiempo real,2º semestre de 2016,45,Defensa,Defensa
Imágenes Satelitales,345,Imagenes obtenidas a través de satelites geoestacionarios y satelites de órbita polar.,eventual,Eventual,2º semestre de 2016,45,Defensa,Defensa
Imágenes de Radar,346,imágenes provenientes de los radares situados en diferentes provincias.,R/PT1S,Tiempo real,2º semestre de 2016,45,Defensa,Defensa
Estadística Climática Básica,347,"Valores medios y/o extremos a nivel mensual y anual de algúnos parámetros (temperatura máxima, media y mínima, humedad, presión al nivel del mar, heliofanía, viento, precipitación, número de días con cielo cubierto, con cielo claro y con lluvia) calculados a partir de series históricas de los períodos 2001-2010.",R/P1Y,Anual,2º semestre de 2016,45,Defensa,Defensa
Vigilancia del clima,348,"Mapas y gráficos integrados en distintas escalas temporales de temperatura media, máxima y mínima y frecuencia de temperaturas extremas, precipitación días con precipitación, índices de sequías, heliofanía, y anomalías de dichos parámetros.",eventual,Eventual,2º semestre de 2016,45,Defensa,Defensa
SIPA,349,Información relativa a los sujetos pasivos y activos que integran el sistema integrado previsional argentino,R/P6M,Semestral,1º semestre de 2017,75,Trabajo,Trabajo
Asignacion universal por hijo,350,Datos relativos al alcance de la asignacion universal por hijo,R/P6M,Semestral,1º semestre de 2017,75,Trabajo,Trabajo
Asignacion universal por embarazo,351,Datos relativos al alcance de la asignacion universal por embarazo,R/P3M,Trimestral,1º semestre de 2017,75,Trabajo,Trabajo
Prestacion por desempleo,352,Datos relativos al alcance de la prestación por desempleo,R/P3M,Trimestral,1º semestre de 2017,75,Trabajo,Trabajo
Otras Asignaciones familiares,353,Información relativa a las asignaciones de sujetos contributivos y sujetos no contribuitivos,R/P6M,Semestral,1º semestre de 2017,75,Trabajo,Trabajo
Estadísticas Vitales (Serie 5 - DEIS),354,"Información sobre nacidos vivos, matrimonios, defunciones y defunciones fetales para el total del país y por jurisdicción, incluyendotasas y distribuciones relativas.",R/P1Y,Anual,1º semestre de 2017,80,Salud,Salud
Estadísticas de Consultas e Internación en Establecimientos Públicos (Serie 11 - DEIS),355,Egresos y consultas hospitalarias registradas en el Informe Estadístico de Internación en Establecimientos Públicos,R/P1Y,Anual,1º semestre de 2017,80,Salud,Salud
Registro Federal de Establecimientos de Salud (REFES),356,"Registro de establecimientos sanitarios del país del sector público y privado, con y sin internación, que se encuentran funcionando en cada una de las jurisdicciones provinciales según la reglamentación vigente en ellas.",eventual,Eventual,1º semestre de 2017,80,Salud,Salud
Registro Federal de Profesionales de Salud (REFEPS),357,Registro oficial de Profesionales de Salud de todo el país de todas las profesiones matriculadas para el ejercicio profesional en salud,eventual,Eventual,1º semestre de 2017,80,Salud,Salud
Registro Nacional de Investigaciones en Salud (RENIS),358,Registro oficial y federal de investigaciones en Salud,eventual,Eventual,1º semestre de 2017,80,Salud,Salud
Registro Federal Farmacias (REFAR) y Registro Federal de Droguerías (REDRO),359,"Registro oficial de farmacias de atención al público, hospitalarias y droguerías de todo el país registrado por la autoridad jurisdiccional",eventual,Eventual,1º semestre de 2017,80,Salud,Salud
Legislacion en Salud de la República Argentina (LEGISALUD),360,"Registro de la legislación sanitaria intenacional,nacional, provincial y municipal vinculadas a todas las temáticas sanitarias agrupadas por tipo de legilsación, jurisdicción y por temática a texto completo",eventual,Eventual,1º semestre de 2017,80,Salud,Salud
Estadísticas CUS MEDICAMENTOS,361,"Serie histórica (sin nominalizar) de personas que recibieron medicamentos bajo prescripción del programa CUS MEDICAMENTOS por edad, sexo y provincia",R/P1M,Mensual,1º semestre de 2017,80,Salud,Salud
Recetas CUS MEDICAMENTOS,362,Serie histórica de medicamentos recetados a través del programa CUS MEDICAMENTOS por provincia,R/P1M,Mensual,1º semestre de 2017,80,Salud,Salud
Consultas CUS MEDICAMENTOS,363,Serie histórica de consultas con médicos u odontólogos en CAPs que reciben botiquines CUS MEDICAMENTOS,R/P1M,Mensual,1º semestre de 2017,80,Salud,Salud
Estadísticas Inlcuir Salud,364,"Distribución por provincia y por ley de otorgamiento de beneficiarios, prestaciones otorgadas, monto de transferencias",R/P1Y,Anual,1º semestre de 2017,80,Salud,Salud
Estadísticas Nacionales de VIH/Sida,365,"Estadísticas que surgen de las notificaciones nacionales de infecciones por VIH/Sida desglosadas por provincias. Incluye indicadores de gestión en prevención, diagnóstico y tratamiento",R/P1Y,Anual,1º semestre de 2017,80,Salud,Salud
Estadísticas SUMAR,366,"Estadísticas de distribución de beneficiarios, transferencias y prestaciones",R/P3M,Trimestral,1º semestre de 2017,80,Salud,Salud
Boletín Integrado de Vigilancia,367,"Casos registrados de eventos bajo vigilancia (incluye Chagas, Dengue, Zika, infecciones respiratorias agudas)",R/P3M,Trimestral,1º semestre de 2017,80,Salud,Salud
Estadística Climática Básica,368,"Valores medios y/o extremos a nivel mensual y anual de algúnos parámetros (temperatura máxima, media y mínima, humedad, presión al nivel del mar, heliofanía, viento, precipitación, número de días con cielo cubierto, con cielo claro y con lluvia) calculados a partir de series históricas de los períodos 2001-2010.",R/P1Y,Anual,1º semestre de 2017,45,Defensa,Defensa
Vigilancia del clima,369,Mapas y gráficos integrados en distintas escalas temporales.,eventual,Eventual,1º semestre de 2017,45,Defensa,Defensa
Listado de Productos Comercializables,370,"Unidades de Negocios, Bienes y Servicios comercializados, especificaciones técnicas",R/P6M,Semestral,1º semestre de 2017,45,Defensa,Defensa
