denominacion,descripcion,actualizacion,fecha,jurisdiccion,nombre_tarjeta_home
Base de datos legislativos Infoleg,"Base de documentos digitales legislativos: leyes, decisiones administrativas, decretos, resoluciones, disposiciones, acordadadas y todo acto administrativo publicado en la primera sección del Boletín Oficial de la República Argentina desde mayo 1997 más la normativa referenciada.",Mensual,2º semestre de 2016,Ministerio de Justicia y Derechos Humanos,Justicia
Centros de Acceso a la Justicia -CAJ-,Información correspondiente a los Centros de Acceso a la Justicia.,Trimestral,2º semestre de 2016,Ministerio de Justicia y Derechos Humanos,Justicia
Censo Penitenciario,"Datos sobre población Carcelaria en todo el País, incluyendo Servicio Penitenciario Federal y Servicios Penitenciarios Provinciales",Anual,2º semestre de 2016,Ministerio de Justicia y Derechos Humanos,Justicia
Declaración Jurada Patrimonial Integral de carácter público,"Datos correspondiente a las Declaraciones Juradas Patrimoniales Integrales presentadas por los sujetos obligados conforme lo normado en la Ley de Ética Pública 25.188 modificada por la Ley 26.857, reglamentada por el Decreto Nro. 895/2013 y la Resolución General AFIP Nro. 3511/2013 y Resolución M.J. y D.H. Nro. 1695/2013.",Trimestral,1º semestre de 2016,Ministerio de Justicia y Derechos Humanos,Justicia
Audiencias de Gestión de Intereses de la Oficina Anticorrupción,Datos correspondientes a Audiencias de Gestión de Intereses de la Oficina Anticorrupción,Mensual,2º semestre de 2016,Ministerio de Justicia y Derechos Humanos,Justicia
Solicitudes de Acceso a la Información Pública de la Oficina Anticorrupción,Datos correspondientes a solicitudes de Acceso a la información pública de la Oficina Anticorrupción,Mensual,2º semestre de 2016,Ministerio de Justicia y Derechos Humanos,Justicia
Sociedades ingresadas en la Inspección General de Justicia,Datos de las sociedades constituidas en la Inspección General de Justicia,Mensual,2º semestre de 2016,Ministerio de Justicia y Derechos Humanos,Justicia
Registro Nacional de Información de Personas Menores Extraviadas,"Datos sobre personas menores de edad de quienes se desconoce el paradero, así como de aquellos que se encuentran en establecimientos de atención, resguardo, detención o internación en todos los casos en que se desconocen sus datos filiatorios o identificatorios y de aquellos menores que fueran localizados, siempre que se cuente con la debida autorización judicial o la de sus progenitores.",Diaria,1º semestre de 2017,Ministerio de Justicia y Derechos Humanos,Justicia
"Unidad de Registro, Sistematizaciòn y Seguimiento de Hechos de Violencia Institucional","El registro analiza las formas de expresión de la violencia institucional sobre la base de las presentaciones, denuncias e informaciones recibidas en el ámbito de la Secretaría de Derechos Humanos. Este objetivo general se concretiza al identificar, describir y analizar los hechos y/o situaciones que involucren violaciones a los derechos humanos por parte de funcionarios/as pertenecientes a las fuerzas de seguridad, fuerzas armadas, personal penitenciario y efectores de salud en contextos de restricción de libertad y/o autonomía.",Trimestral,2º semestre de 2016,Ministerio de Justicia y Derechos Humanos,Justicia
"Base de datos de la Unidad de Registro, Sistematización y Seguimiento de Femicidios y Homicidios Agravados por el Género.","Esta base registra los femicidios y homicidios agravados por el género desde el año 2012 a la fecha. Se nutre de diversas fuentes: articulos de prensa escrita, denuncias policiales y judiciales, denuncias realizadas ante la Secretaría de Derechos Humanos.",Trimestral,2º semestre de 2016,Ministerio de Justicia y Derechos Humanos,Justicia
Registro Unificado de VÍctimas del Terrorismo de Estado,"El objetivo del Registro es la construcción de una matriz de datos de alcance nacional en permanente estado de actualización sobre las víctimas del accionar represivo ilegal del Estado argentino y, en cumplimiento de lo dispuesto por la Ley 26.691, de los centros clandestinos de detención y otros lugares de reclusión utilizados por la fuerza represiva estatal, entre otras tareas de investigación.",Eventual,2º semestre de 2016,Ministerio de Justicia y Derechos Humanos,Justicia
Solicitudes de Autorización de Tenencia de Armas de Fuego,"Listado de Solicitudes de Autorización de Tenencia de Armas de Fuego comprendidas en el ""Procedimiento de Participación Ciudadana por Oposición para la Autorización de Tenencia o Portación de Armas de Fuego"".
Las solicitudes permanecen publicadas hasta las 00:00 horas del día siguiente al vencimiento de la publicación.
Resolución MJyDDHH Nº 373/2013",Mensual,2º semestre de 2016,Ministerio de Justicia y Derechos Humanos,Justicia
Solicitudes de Autorización de Portación de Armas de Fuego,"Listado de Solicitudes de Autorización de Portación de Armas de Fuego comprendidas en el ""Procedimiento de Participación Ciudadana por Oposición para la Autorización de Tenencia o Portación de Armas de Fuego"".
Las solicitudes permanecen publicadas hasta las 00:00 horas del día siguiente al vencimiento de la publicación.
Resolución MJyDDHH Nº 373/2013",Mensual,2º semestre de 2016,Ministerio de Justicia y Derechos Humanos,Justicia
Dominios de Internet,Descripción de los datos típicos de los dominios de internet en formato según RFC 7482,Semanal,1º semestre de 2017,Secretaria Legal y Técnica,Presidencia
Boletín Oficial de la República Argentina,"Publicación de la normativa, avisos comerciales y judiciales.",Semanal,1º semestre de 2017,Secretaria Legal y Técnica,Presidencia
Programa Nacional de Infraestructura Turística,Listado de obras turísticas realizadas en el marco del PNIT,Eventual,2º semestre de 2016,Ministerio de Turismo,Turismo
Consulta de Agencias de Viajes Autorizadas,Listado de todas las Agencias de Turismo autorizadas en el país,Semanal,1º semestre de 2017,Ministerio de Turismo,Turismo
Consulta de Agencias de Turismo Estudiantil,Listado de todas las Agencias de Turismo autorizadas para Turismo Estudiantil,Semanal,1º semestre de 2017,Ministerio de Turismo,Turismo
Consulta de Agencias que operan Turismo Receptivo,Listado de Agencias que operan Turismo Receptivo,Semanal,1º semestre de 2017,Ministerio de Turismo,Turismo
Consulta de Agencias que operan Turismo Receptivo Chino,Listado de Agencias que operan Turismo Receptivo Chino,Semanal,1º semestre de 2017,Ministerio de Turismo,Turismo
Distinguidos de Calidad,Listado de Organizaciones distinguidas en Calidad de Turismo,Eventual,1º semestre de 2017,Ministerio de Turismo,Turismo
Llegadas de Turistas No residentes a la Argentina por todas las vías de ingresos,Listado por nacionalidad de Turistas no residentes que llegan a la Argentina.,Trimestral,1º semestre de 2017,Ministerio de Turismo,Turismo
Turistas residentes que viajan por Argentina,Listado de Turistas residentes que viajan por Argentina.,Trimestral,1º semestre de 2017,Ministerio de Turismo,Turismo
Turistas residentes que viajan por Argentina,Listado de Turistas residentes que viajan por Argentina.,Trimestral,1º semestre de 2017,Ministerio de Turismo,Turismo
Áreas protegidas terrestres y marinas,"Áreas Protegidas de la Argentina creadas y administradas por organismos nacionales, provinciales, municipales, universitarios, privados, ONGs o Fundaciones.",Eventual,2º semestre de 2016,Ministerio de Ambiente y Desarrollo Sustentable,Ambiente
Registro de Consultores en Estudios de Impacto Ambiental,Nómina de consultores individuales y firmas consultoras que realizan estudios de impacto ambiental,Eventual,1º semestre de 2017,Ministerio de Ambiente y Desarrollo Sustentable,Ambiente
Registro de usuarios para comercialización de fauna silvestre,"Nómina de comerciantes, criadores, exportadores, reexportadores e importadores de animales vivos, productos y subproductos de la fauna silvestre.",Eventual,1º semestre de 2017,Ministerio de Ambiente y Desarrollo Sustentable,Ambiente
Registro de profesionales en la Dirección de Prevención y Recomposición Ambiental,"Nómina de profesionales habilitados para el aval técnico de las presentaciones de la documentación exigida y para la ejecución de tareas inherentes al proyecto, dirección, construcción y operación de plantas de tratamiento de vertidos",Eventual,1º semestre de 2017,Ministerio de Ambiente y Desarrollo Sustentable,Ambiente
Operadores de Residuos Peligrosos,Nómina de personas físicas o jurídicas registrados como operadores de residuos patólogicos,Eventual,1º semestre de 2017,Ministerio de Ambiente y Desarrollo Sustentable,Ambiente
Transportistas de Residuos Peligrosos,Nómina de personas físicas o jurídicas registrados como transportistas de residuos patólogicos,Eventual,1º semestre de 2017,Ministerio de Ambiente y Desarrollo Sustentable,Ambiente
Empadronamiento de establecimientos industriales y especiales,"Nómina de establecimientos industriales y/o especiales que produzcan en forma continua o discontinua vertidos industriales o barros originados por la depuración de aquéllos a conductos cloacales, pluviales o a un curso de agua y que se encuentren radicados en:
Capital Federal y en partidos de la Provincia de Buenos Aires adheridos.",Eventual,1º semestre de 2017,Ministerio de Ambiente y Desarrollo Sustentable,Ambiente
Superficie de bosque nativo,Información correspondiente a la superficie en hectareas cubierta con bosque nativo en el país a lo largo del tiempo.,Anual,1º semestre de 2017,Ministerio de Ambiente y Desarrollo Sustentable,Ambiente
Consumo de Hidroclorofluorocarbonados (HCFC),"Expresa el consumo de hidroclorofluorocarbonos (HCFC) en el país, de acuerdo con la ecuación establecida por el Protocolo de Montreal: (Consumo = Producción + Importación – Exportación)",Anual,2º semestre de 2016,Ministerio de Ambiente y Desarrollo Sustentable,Ambiente
Emisiones totales de gases de efecto invernadero por sector,Expresa a nivel nacional las emisiones totales de los gases efecto invernadero (GEI) que contribuyen al cambio climático global. ,Eventual,2º semestre de 2016,Ministerio de Ambiente y Desarrollo Sustentable,Ambiente
Generación de residuos sólidos urbanos,Indicador de cantidad de residuos sólidos urbanos (RSU) generados por habitante por día en el transcurso de un año,Eventual,2º semestre de 2016,Ministerio de Ambiente y Desarrollo Sustentable,Ambiente
Composición de los Residuos Sólidos Urbanos (RSU) Promedio en Argentina,Muestra en porcentajes como están compuestos los RSU,Eventual,2º semestre de 2016,Ministerio de Ambiente y Desarrollo Sustentable,Ambiente
"Monto asignado al financiamiento de los Planes de Manejo Sustentable, Conservación y Proyectos de Formulación para bosque nativo",Muestra la distribución del monto anual asignado por tipo de plan,Anual,2º semestre de 2016,Ministerio de Ambiente y Desarrollo Sustentable,Ambiente
Especies por categoría de riesgos,Especies por categoría de riesgos,Eventual,2º semestre de 2016,Ministerio de Ambiente y Desarrollo Sustentable,Ambiente
Especies de fauna según categorías de riesgos,Especies de fauna según categorías de riesgos,Eventual,2º semestre de 2016,Ministerio de Ambiente y Desarrollo Sustentable,Ambiente
CITES,Especies de aves de Argentina en la Convención sobre el Comercio Internacional de las Especies Amenazadas de Fauna y Flora Silvestres (CITES),Eventual,2º semestre de 2016,Ministerio de Ambiente y Desarrollo Sustentable,Ambiente
Cantidad de incendios forestales,"Cantidad de incendios forestales por año y causa, según jurisdicción",Anual,2º semestre de 2016,Ministerio de Ambiente y Desarrollo Sustentable,Ambiente
Biomasa forestal,"Biomasa forestal (en millones de tons de peso seco), se incluye el Carbono acumulado en la biomasa forestal, en millones de toneladas",Eventual,2º semestre de 2016,Ministerio de Ambiente y Desarrollo Sustentable,Ambiente
Superficie de bosque afectada por incendios,"Superficie afectada por incendios forestales por año y tipo de vegetación, según jurisdicción. En hectáreas",Anual,2º semestre de 2016,Ministerio de Ambiente y Desarrollo Sustentable,Ambiente
Extracción de madera,"Rollos extraídos con destino industrial, postes y otros productos, según especie. En metros cúbicos",Anual,2º semestre de 2016,Ministerio de Ambiente y Desarrollo Sustentable,Ambiente
Extracción de productos forestales no madereros,"Extracción de productos forestales no madereros, por uso. En toneladas",Anual,2º semestre de 2016,Ministerio de Ambiente y Desarrollo Sustentable,Ambiente
Importación y exportación de productos forestales ,Exportación e importación de productos forestales. En toneladas,Anual,2º semestre de 2016,Ministerio de Ambiente y Desarrollo Sustentable,Ambiente
Sitios Ramsar de la República Argentina,"Listado de Sitios Ramsar, humedales en estado de conservación y uso sostenible, de la República Argentina",Eventual,2º semestre de 2016,Ministerio de Ambiente y Desarrollo Sustentable,Ambiente
Consumo de las sustancias agotadoras de ozono en la República Argentina,Consumo (producción más las importaciones menos las exportaciones de sustancias)  de sustancias agotadoras de ozono en la República Argentina,Anual,1º semestre de 2017,Ministerio de Ambiente y Desarrollo Sustentable,Ambiente
Liberaciones de Dioxinas y Furanos,Liberaciones anuales (g EQT/a),Eventual,2º semestre de 2016,Ministerio de Ambiente y Desarrollo Sustentable,Ambiente
Municipios - Agenda Presidencial,Municipios que visita el Presidente en actos de Gobierno,Mensual,2º semestre de 2017,Secretaría General de Presidencia,Presidencia
Lechería: Producción Primaria,Millones de litros por año a nivel nacional: 1970 - 1982,Eventual,2º semestre de 2016,Ministerio de Agroindustria,Agroindustria
Lecheria: Producción Primaria,Millones de litros: Enero 1983 a hoy,Mensual,2º semestre de 2016,Ministerio de Agroindustria,Agroindustria
Lecheria: Producción Primaria,Productividad promedio; y promedio de la producción de sólidos útiles y calidad higiénico - sanitaria según departamento/partido (lts/día y %): Enero 2013 a hoy,Mensual,2º semestre de 2016,Ministerio de Agroindustria,Agroindustria
Lecheria: Producción Secundaria,Destino de la producción nacional a producto (millones de litros): Enero 1989 a hoy,Trimestral,2º semestre de 2016,Ministerio de Agroindustria,Agroindustria
Lecheria: Producción Secundaria,Destino de la producción nacional (millones de litros): Enero 1983 a Diciembre 1988,Eventual,2º semestre de 2016,Ministerio de Agroindustria,Agroindustria
Lecheria: Producción Secundaria,Elaboración de productos lácteos (miles de litros y toneladas): Enero 1989 a hoy,Mensual,2º semestre de 2016,Ministerio de Agroindustria,Agroindustria
Lecheria: Producción Secundaria,Existencias lácteas (miles de litros equivalentes): Enero 1998 a Diciembre 2012,Eventual,2º semestre de 2016,Ministerio de Agroindustria,Agroindustria
Lecheria: Producción Secundaria,Existencias lácteas por principales productos (miles de litros equivalentes): Enero 2013 a hoy,Mensual,2º semestre de 2016,Ministerio de Agroindustria,Agroindustria
Lecheria: Precio pagado al productor,Precio promedio por litro ($/litro): Enero 2011 a hoy,Mensual,2º semestre de 2016,Ministerio de Agroindustria,Agroindustria
Lecheria: Precio pagado al productor,Precio promedio por kilo de sólidos ($/kilo): Enero 2011 a hoy,Mensual,2º semestre de 2016,Ministerio de Agroindustria,Agroindustria
Lecheria: Consumo aparente,Consumo total y per cápita de productos lácteos (miles de litros/toneladas): Enero 2000 a hoy,Mensual,2º semestre de 2016,Ministerio de Agroindustria,Agroindustria
Superficie Forestada,"Superficies forestadas por género, provincia, departamento",Anual,2º semestre de 2016,Ministerio de Agroindustria,Agroindustria
Inventario Nacional de Plantaciones Forestales,"Volúmen de Madera estimada por género, provincia, departamento",Eventual,2º semestre de 2016,Ministerio de Agroindustria,Agroindustria
Extracciones Forestales,"Volúmen de madera extraída de plantaciones forestales, en m3 estimada por provincia por año y por especie",Anual,2º semestre de 2016,Ministerio de Agroindustria,Agroindustria
Industrias de tableros de fibra y de particulas y de pasta de papel y cartón,"Encuesta en donde se releva:cantidad, capacidad instalada, materia prima utilizada, producción y personal ocupado.",Anual,2º semestre de 2016,Ministerio de Agroindustria,Agroindustria
Censo de Aserraderos,"Consite en el relevamiento de cantidad, capacidad instalada, materia prima utilizada, producción, personal ocupado. ",Eventual,2º semestre de 2017,Ministerio de Agroindustria,Agroindustria
Ecuestras de Aserraderos,"Consiste en el relevamiento de cantidad, capacidad instalada, materia prima utilizada, producción, personal ocupado. ",Anual,2º semestre de 2017,Ministerio de Agroindustria,Agroindustria
Precios Forestales,Relevamiento de precios de insumos y productos forestales.,Anual,1º semestre de 2017,Ministerio de Agroindustria,Agroindustria
Exportaciones de Productos Forestales,Datos INDEC,Anual,2º semestre de 2016,Ministerio de Agroindustria,Agroindustria
Importaciones de Productos Forestales,Datos INDEC,Anual,2º semestre de 2016,Ministerio de Agroindustria,Agroindustria
Archivo Histórico de la Cancilleria Argentina,"Clasificación del Archivo-Secciones: Asuntos Políticos, Asuntos Económicos, Culto, Sección Administrativa, Técnica y Consular, Representaciones Diplomáticas y Consulares, Agrupaciones Documentales. Bibilioteca Auxiliar. Otros fondos. Comisión de Relevamiento para la Recuperación de la Memoria Histórica: tarea desarrollada y documentos desclasificados. ",Semestral,2º semestre de 2016,Ministerio de Relaciones Exteriores y Culto,Relaciones Exteriores
Instituto del Servicio Exterior de la Nación ,"Cantidad de inscriptos al concurso e ingresantes al Instituto del Servicio Exterior de la Nación desde 2006 al 2016: cantidad por universidad, procedencia, carrera y género",Anual,2º semestre de 2016,Ministerio de Relaciones Exteriores y Culto,Relaciones Exteriores
Promoción comercial y desarrollo de inversiones ,Informes ficha país. Argentina Trade Net. Directorio de Exportadores. Listado de Importadores.  Oportunidades Comerciales . Licitaciones Internacionales. Información sobre Mercados Externos. Guía de Negocios. Ferias y Exportaciones ,Anual,2º semestre de 2016,Ministerio de Relaciones Exteriores y Culto,Relaciones Exteriores
Plataforma Continental ,Información general: Límite Exterior de la Plataforma Continental. Mapa de la Plataforma Continental Argentina. Esquema ilustrativo de la plataforma. Gráfico Espacios Marítimos. Levantamientos Gravimétricos y Magnetométricos. Levantamientos Sísmicos y Batimétricos. Perfiles Sísmicos en 3D. Legislación vinculada con plataforma continental. Presentación Argentina. Seminarios. Links relacionados con la temática. Fotos y Videos. Información de contacto. ,Eventual,2º semestre de 2016,Ministerio de Relaciones Exteriores y Culto,Relaciones Exteriores
Representaciones argentinas en el exterior ,"Nómina de las representaciones argentinas en el Exterior (Embajadas, Consulados y Misiones Argentinas): dirección, teléfono, funcionarios a cargo. ",Eventual,2º semestre de 2016,Ministerio de Relaciones Exteriores y Culto,Relaciones Exteriores
Registro Nacional de Cultos ,"Organizaciones religiosas que ejercen sus actividades dentro de la la
jurisdicción del Estado Nacional. Nombre de la entidad, número de inscripción, provincia, ciudad, dirección.",Semestral,2º semestre de 2016,Ministerio de Relaciones Exteriores y Culto,Relaciones Exteriores
Comisión Cascos Blancos,"Información sobre Misiones de Asistencia Humanitaria y de Asistencia técnica, entrega de Ayuda Humanitaria, voluntarios desplazados en misiones. Países donde Cascos Blancos actúo.",Anual,2º semestre de 2016,Ministerio de Relaciones Exteriores y Culto,Relaciones Exteriores
PBI cultural,Valor agregado de las actividades culturales ,Anual,2º semestre de 2016,Ministerio de Cultura,Cultura
Empleo cultural,Cantidad de personas empleadas en actividades culturales privadas y en el sector público,Anual,2º semestre de 2016,Ministerio de Cultura,Cultura
Presupuesto publico en cultura a nivel nacional,"Presupuesto ejecutado por el ministerio de cultura y sus organismos descentralizados, así como otros organismos y programas que realizan actividades culturales",Anual,2º semestre de 2016,Ministerio de Cultura,Cultura
Espacios culturales,"Listado nacional de museos, bibliotecas especializadas, bibliotecas populares, fiestas populares y festivales, librerías, salas de teatro, salas de cine, casas del bicentenario, carreras culturales y puntos de cultura",Anual,2º semestre de 2016,Ministerio de Cultura,Cultura
Agentes culturales,"Listado nacional de sellos musicales, editoriales de libros, canales de tv abierta, diarios impresos y radios",Anual,2º semestre de 2016,Ministerio de Cultura,Cultura
Inventario de Archivos Abiertos de las FFAA,"                                                                            Documentos digitalizados vinculados a hallazgos que nos acercan al conocimiento de nuestra historia que se encuentran en los Archivos Generales de las FF.AA.

           ",Eventual,2º semestre de 2016,Ministerio de Defensa,Defensa
Registro Público de Veteranos de Guerra de Malvinas,"Altas, Bajas y Modificaciones del Registro Público de Veteranos de Guerra de Malvinas.",Mensual,2º semestre de 2016,Ministerio de Defensa,Defensa
Operaciones de Paz,Información relativa a las misiones de Paz desplegadas por el Ministerio de Defensa.,Semestral,1º semestre de 2017,Ministerio de Defensa,Defensa
Agregadurias Militares,Información de los miembros destinados de las Agregadurías Militares. ,Anual,1º semestre de 2017,Ministerio de Defensa,Defensa
Formación,Estadístcas de los institutos de educación de todos los niveles que funcionan bajo la orbita de las FFAA.,Anual,1º semestre de 2017,Ministerio de Defensa,Defensa
Apoyo a la Comunidad,Información  de los apoyos a la comunidad brindados por las FFAA ante desastres naturales o sociales.,Semestral,1º semestre de 2017,Ministerio de Defensa,Defensa
Información con persepectiva de genero ,Información sobre la integración de las mujeres a las FF.AA.                                                             Información institucional de las políticas de genero llevadas a cabo en el ambito del MINDEF.,Anual,1º semestre de 2017,Ministerio de Defensa,Defensa
Cuestión Antartica,Información de las actividades antárticas del sistema de defensa.  ,Anual,1º semestre de 2017,Ministerio de Defensa,Defensa
Ejercicios Combinados,Información de los Ejercicios combinados realizados con las FF.AA. de otros países. ,Anual,1º semestre de 2017,Ministerio de Defensa,Defensa
Listado de Productos Comercializables,"Unidades de Negocios, Bienes y Servicios comercializados, especificaciones técnicas",Mensual,2º semestre de 2016,Ministerio de Defensa,Defensa
Convenios firmados por el IGN,Convenios firmados desde 1980,Eventual,2º semestre de 2016,Ministerio de Defensa,Defensa
Archivos de la Red Argentina de Monitoreo Satelital Permantente,Información disponible de todas las bases que integran el RAMSAC,Diaria,2º semestre de 2016,Ministerio de Defensa,Defensa
Información del RAMSAC - NTRIP,Información sobre el posicionamiento en tiempo real,Diaria,2º semestre de 2016,Ministerio de Defensa,Defensa
Mapas,Mapa fisico y politico de la Argentina y de las Provincias,Eventual,2º semestre de 2016,Ministerio de Defensa,Defensa
Mapas educativos,"Mapa fisico y politico de la Argentina y de las Provincias, para que los alumnos puedan completar",Eventual,2º semestre de 2016,Ministerio de Defensa,Defensa
Archivos vectoriales,"De diferentes objetos geograficos tales como actividades humanas, centros poblados, coberturas del suelo, cuerpos de agua, cursos de agua, curvas de nivel, departamentos, tejidos urbanos, islas, limites politico-administrativos, provincias, puentes, puntos geograficos destacados, red vial, infraestructura rural, infraestructura de transporte, coberturas hojas escala",Eventual,2º semestre de 2016,Ministerio de Defensa,Defensa
Publicaciones de Geodesia,Publicaciones presentadas en congresos y jornadas,Semestral,2º semestre de 2016,Ministerio de Defensa,Defensa
Modelo digital de elevacion,Datos de elevaciones en formato de imagen,Eventual,2º semestre de 2016,Ministerio de Defensa,Defensa
Archivo Técnico de Hidrografía,Soporte de la cartografía náutica,Mensual,2º semestre de 2016,Ministerio de Defensa,Defensa
Fototeca departamento de Hidrografía,Catálogo de Fotografías,Mensual,2º semestre de 2016,Ministerio de Defensa,Defensa
Cartas electrónicas,Catálogo de Cartas Electrónicas,Eventual,2º semestre de 2016,Ministerio de Defensa,Defensa
Croquis Catálogo,Catálog de consulta de navegantes,Eventual,1º semestre de 2017,Ministerio de Defensa,Defensa
Faros Argentinos,"Listad de Faros, nombre posición latitud-longitud",Eventual,2º semestre de 2016,Ministerio de Defensa,Defensa
Balizas,"Lista de las Balizas, Nombre Posición-Latitiud-Longitud",Eventual,2º semestre de 2016,Ministerio de Defensa,Defensa
Tablas de Marea,Planilla de predicciones de pleamares y bajamares,Anual,2º semestre de 2016,Ministerio de Defensa,Defensa
Datos de Horarios de Marea,"Día, hora, estación, dato de marea",Diaria,2º semestre de 2016,Ministerio de Defensa,Defensa
Estaciones Meteorológicas,Planilla de ubicación de las estaciones mareográficas,Anual,2º semestre de 2016,Ministerio de Defensa,Defensa
Tabla de Predicción de Corrientes,Planilla de predicciones de corrientes de Marea,Anual,2º semestre de 2016,Ministerio de Defensa,Defensa
Pronósticos de Marea,Planilla de Pronóstico de Marea para el Río de la Plata,Diaria,2º semestre de 2016,Ministerio de Defensa,Defensa
Pronósticos de Olas,Planilla de Pronóstico de Olas para el Río de la Plata,Diaria,2º semestre de 2016,Ministerio de Defensa,Defensa
Informes de Campañas,"Listado de los informes de campañas. Nombre, actividades desarrolladas, zona de trabajo, fecha.",Semestral,2º semestre de 2016,Ministerio de Defensa,Defensa
Calidades de Fondo,"Tabla de las Calidades del fondo: latitud, longitud",Semestral,2º semestre de 2016,Ministerio de Defensa,Defensa
Datos Fisico-químicos de agua de mar,"Tabla que contiene información periódica del agua de mar. Oxígeno disuelto, nutrientes, turbidez, nivel de clorofila, contaminantes, temperatura, corrientes, mareas, olas y datos meteorológicos",Semestral,2º semestre de 2016,Ministerio de Defensa,Defensa
Observaciones meteorológicas de buques (SHIP ARMADA),"Listado que contiene. Señal de llamada del buque, posición y fecha. Datos observados.",Anual,2º semestre de 2017,Ministerio de Defensa,Defensa
Tabla que describe Salida y puesta del sol y la luna,Tabla que describe Salida y puesta del sol y la luna,Diaria,2º semestre de 2016,Ministerio de Defensa,Defensa
Direccion de Asistencia Directa por Situaciones Especiales (DADSE),Ayuda Directa a personas para adquirir medicación de alto costo y/o elementos de tecnología biomédica.,Semestral,2º semestre de 2016,Miinisterio de Desarrollo Social,Desarrollo Social
Prohuerta  ,"En el marco del Plan Nacional de Seguridad Alimentaria y Nutricional,  listado de huertas comunitarias, escolares y familiares como fuente de alimentos y/o ingresos para personas en situación de vulnerabilidad social. ",Semestral,2º semestre de 2016,Miinisterio de Desarrollo Social,Desarrollo Social
Fortalecimiento institucional de las Organizaciones de la Sociedad Civil,Cantidad de proyectos de Fortalecimiento Institucional a Organizaciones de la Sociedad Civil.,Anual,1º semestre de 2017,Miinisterio de Desarrollo Social,Desarrollo Social
Espacios de Primera Infancia ,"Cantidad de Espacios de Primera Infancia fortalecidos en el marco del Plan Nacional de Primera Infancia para la atención integral, contención y estimulación temprana de niños de 45 días a 4 años. ",Anual,1º semestre de 2017,Miinisterio de Desarrollo Social,Desarrollo Social
Asistencia ante emergencias climáticas o catástrofes,Registro de las asistencias por emergencias climáticas y catástrofes naturales o accidentales.,Anual,1º semestre de 2017,Miinisterio de Desarrollo Social,Desarrollo Social
Plan Creer y Crear,"En el marco del Plan Nacional de Economía Social, cantidad de proyectos de fortalecimiento institucional, productivo y de servicios, a fin de consolidar los emprendimientos de la economía social. ",Anual,1º semestre de 2017,Miinisterio de Desarrollo Social,Desarrollo Social
Comisión Nacional del Microcrédito (CONAMI) ,"Impacto de los microcréditos otorgados a una baja tasa de interés, destinados para proyectos productivos, comerciales o de servicios que necesiten insumos y maquinaria para fortalecer su actividad. Emprendedores y Organizaciones ejecutoras alcanzadas.",Semestral,2º semestre de 2016,Miinisterio de Desarrollo Social,Desarrollo Social
Centros de Referencia (CDR),"Cantidad de delegaciones del Ministerio de Desarrollo Social que articulan con las políticas locales, desde donde se facilita el acceso a las políticas nacionales.",Anual,1º semestre de 2017,Miinisterio de Desarrollo Social,Desarrollo Social
Monotributo Social ,"Cantidad de titulares y adherentes alcanzados por el Monotributo Social, categoria tributaria que permite ingresar al sistema previsional a las personas en situación de vulnerabilidad social. Brinda la posibilidad de emitir facturas, acceder a una obra social. ",Anual,1º semestre de 2017,Miinisterio de Desarrollo Social,Desarrollo Social
Formación de  Cuidadores Domiciliarios - DINAPAM,Listado de capacitaciones y certificaciónes a miembros de la comunidad sin empleo para que puedan cuidar y brindar atención primaria a adultos mayores o enfermos crónicos. ,Anual,1º semestre de 2017,Miinisterio de Desarrollo Social,Desarrollo Social
Estadistica Educativa,"Desagregadas por modalidad, oferta educativa, nivel educativo y sector de gestion segun departamento",Semestral,1º semestre de 2017,Ministerio de Educación y Deportes,Educación y Deportes
Indicadores Educativos,"Información sobre Tasa de Promoción Efectiva, Tasa de Repitencia, Tasa de Abandono Interanual, Porcentaje de Sobreedad, Tasa de Escolarización",Semestral,1º semestre de 2017,Ministerio de Educación y Deportes,Educación y Deportes
Registro de Establecimientos Educativos,Padrón Oficial de Establecimientos Educativos,Eventual,1º semestre de 2017,Ministerio de Educación y Deportes,Educación y Deportes
Informes del Jefe de Gabinete al Congreso de la Nación,"Estadística del intercambio en los informes mensuales del Jefe de Gabinete de Ministros de la Nación al Congreso. Cantidad de preguntas, Ministerios que responden, duración de la sesión, porcentajes de preguntas respondidas (total y por jurisdicción), legisladores y bloques intervinientes. Adicional: datos de los pedidos de informes individuales que los legisladores realizan al Poder Ejecutivo.",Mensual,2º semestre de 2016,Jefatura de Gabinete de Ministros,JGM
Catálogo BACUA,"Catálogo del Banco Audiovisual de Contenidos Uiversales Argentinos. Disponible para consulta por categoria, codigo, productor, director, guinista y sinopsis",Eventual,1º semestre de 2017,Jefatura de Gabinete de Ministros,JGM
Inmuebles del Estado Nacional,Datos correspondientes a los Inmuebles de Propiedad del Estado Nacional,Semestral,1º semestre de 2017,Jefatura de Gabinete de Ministros,JGM
Cesiones de uso y alquileres de inmuebles del Estado Nacional,"Concesiones y cesiones de uso de inmuebles del Estado Nacional a organismos, ONG y privados.",Semestral,1º semestre de 2017,Jefatura de Gabinete de Ministros,JGM
Cesiones de uso y alquileres de inmuebles al Estado Nacional,Los distintos organismos del Estado Nacional alquilan y reciben cesiones de uso de diversos inmuebles.,Semestral,1º semestre de 2017,Jefatura de Gabinete de Ministros,JGM
Plantas de biocombustibles,Ubicación geográfica de plantas de biocombustibles,Eventual,2º semestre de 2016,Ministerio de Energía y Minería,Energía y Minería
Estadísticas de Biocombustibles,"Producción, ventas al mercado interno y exportaciones de bioetanol y de biodiésel",Mensual,2º semestre de 2016,Ministerio de Energía y Minería,Energía y Minería
Precios de Biodiesel,Precios de venta del Biodiésel al mercado interno.,Mensual,2º semestre de 2016,Ministerio de Energía y Minería,Energía y Minería
Precios de Bioetanol,Precios de venta del Bioetanol al mercado interno.,Mensual,2º semestre de 2016,Ministerio de Energía y Minería,Energía y Minería
Programa Probiomasa,"Balance por radio censal de Energía derivada de la Biomasa WISDOM, La Pampa, Mendoza, Salta y Tucumán",Eventual,2º semestre de 2016,Ministerio de Energía y Minería,Energía y Minería
Factor de emisión,Factores de emisión de GEI asociados a la generación eléctrica.,Anual,2º semestre de 2016,Ministerio de Energía y Minería,Energía y Minería
Balanza comercial minera,Balanza comercial de sustancias minerales y productos derivados totales,Anual,2º semestre de 2016,Ministerio de Energía y Minería,Energía y Minería
Exportaciones mineras por provincia,Exportaciones de sustancias minerales y productos derivados por provincia. ,Anual,2º semestre de 2016,Ministerio de Energía y Minería,Energía y Minería
Importaciones y Exportaciones mineras por rubro,Importaciones y Exportaciones de sustancias minerales y productos derivados por rubro de producción minera.,Anual,2º semestre de 2016,Ministerio de Energía y Minería,Energía y Minería
Participación de las exportaciones mineras en el total nacional,Participación de importaciones de sustancias minerales y productos derivados por rubro de producción minera.,Anual,2º semestre de 2016,Ministerio de Energía y Minería,Energía y Minería
Productos mineros exportados,Exportación de sustancias minerales y productos derivados. Principales productos por rubros (en U$S FOB).,Anual,2º semestre de 2016,Ministerio de Energía y Minería,Energía y Minería
Entregas de gas natural por tipo de usuario,"Gas natural Entregado y Nro. Usuarios, por Tipo de Usuario.  (ENARGAS)",Mensual,2º semestre de 2016,Ministerio de Energía y Minería,Energía y Minería
"Gas natural Entregado, por Area de Licencia", (ENARGAS),Mensual,2º semestre de 2016,Ministerio de Energía y Minería,Energía y Minería
Precios de GNC,Precios de GNC al Público.  (ENARGAS),Mensual,2º semestre de 2016,Ministerio de Energía y Minería,Energía y Minería
Vehículos habilitados para GNC,Cantidad de Vehículos habilitados clasificados por provincia y tipo de vehículo.  (ENARGAS),Mensual,2º semestre de 2016,Ministerio de Energía y Minería,Energía y Minería
Demanda máxima de potencia,Demanda máxima de potencia del Sistema Interconectado Nacional,Anual,1º semestre de 2017,Ministerio de Energía y Minería,Energía y Minería
Cantidad de usuarios,Cantidad de usuarios por tipo y por distribuidora,Anual,2º semestre de 2017,Ministerio de Energía y Minería,Energía y Minería
Grandes usuarios del MEM ,Demandas de grandes usuarios por jurisdicción y sector,Anual,2º semestre de 2017,Ministerio de Energía y Minería,Energía y Minería
Redes de distribución,Capa geográfica de redes de media distribución por distribuidora,Eventual,2º semestre de 2016,Ministerio de Energía y Minería,Energía y Minería
Distribución de energía eléctrica,Distribución por provincia y por distribuidora,Anual,2º semestre de 2017,Ministerio de Energía y Minería,Energía y Minería
Áreas de concesión de distribuidoras,Polígonos descriptivos de las áreas de concesión por distribuidora.,Eventual,2º semestre de 2016,Ministerio de Energía y Minería,Energía y Minería
Cantidad de usuarios de gas de red por segmento de calle,Capa geográfica con cantidad de usuarios conectados a la red de gas natural por cuadra.,Eventual,2º semestre de 2016,Ministerio de Energía y Minería,Energía y Minería
Demanda de grandes usuarios de gas natural,"Gas natural Entregado a Grandes Usuarios industriales, por Rama de actividad, provincia y Subzona Tarifaria. (ENARGAS)",Mensual,2º semestre de 2016,Ministerio de Energía y Minería,Energía y Minería
"Gas natural Entregado y Nro. Usuarios, por Distribuidora y Tipo de Servicio; Región; Zona", (ENARGAS),Mensual,2º semestre de 2016,Ministerio de Energía y Minería,Energía y Minería
"Uso de la Capacidad Contratada, por Distribuidora",Uso de la capacidad de transporte de gas natural por distribuidora.  (ENARGAS),Mensual,2º semestre de 2016,Ministerio de Energía y Minería,Energía y Minería
PRONUREE,Luminarias residenciales reemplazadas por municipio,Trimestral,1º semestre de 2017,Ministerio de Energía y Minería,Energía y Minería
Renovate Heladeras; Lavarropas,Compra heladeras y lavarropas en el marco del plan Renovate,Mensual,1º semestre de 2017,Ministerio de Energía y Minería,Energía y Minería
Consumos eléctrico de Edificios públicos,Consumo de Edificios públicos por periodos en Media y Alta Tensión,Mensual,1º semestre de 2017,Ministerio de Energía y Minería,Energía y Minería
Mapa nuclear argentino,"Información geográfica relacionada con: o Centros Atómicos.
o Reactores de investigación.
o Centrales Nucleares de Potencia en Operación.
o Central Nuclear de Potencia en Construcción.
o Centros de Medicina Nuclear Operativos.
o Instalaciones de Medicina Nuclear.
o Polo Tecnológico.
o Localización de Actividad Minera.
o Aceleradores de Partículas para Producción de Radioisótopos.
o Instalaciones con Aplicaciones Industriales.
o Plantas de Irradiación para Usos Medicinales.
o Planta de Enriquecimiento de Uranio.
o Planta de Purificación de Uranio.
o Centros de Medicina Nuclear en Ejecución.
o Aceleradores de Partículas para Investigación.
o Fábrica de Combustibles Nucleares.
o Institutos de Formación Académica.",Eventual,2º semestre de 2017,Ministerio de Energía y Minería,Energía y Minería
Estadísticas de medicina nuclear,Instalaciones y provisión de servicios de medicina nuclear.,Anual,2º semestre de 2017,Ministerio de Energía y Minería,Energía y Minería
Producción de Radioisótopos,"Serie de producción de radioisótopos nucleares para fines no energéticos,",Anual,2º semestre de 2017,Ministerio de Energía y Minería,Energía y Minería
Servicios de irradiación,Información sobre servicios de irradiación realizados por CNEA.,Anual,2º semestre de 2017,Ministerio de Energía y Minería,Energía y Minería
Puntos de Interés Geotérmico,Ubicación geográfica de puntos de interés geotérmico,Eventual,2º semestre de 2016,Ministerio de Energía y Minería,Energía y Minería
Mapa de Recurso Eólico y Solar,Mapa de distribución territorial de recurso eólico y solar,Anual,1º semestre de 2017,Ministerio de Energía y Minería,Energía y Minería
Mapas de Recursos Biomásicos,Mapa de distribución territorial de recurso biomásico,Anual,1º semestre de 2017,Ministerio de Energía y Minería,Energía y Minería
Capacidad Instalada y Generación de Energía Eléctrica de Fuentes Renovables,"Detalle de capacidad instalada y generación por central, tecnología, ubicación.",Mensual,2º semestre de 2016,Ministerio de Energía y Minería,Energía y Minería
Listado de Centrales de Generación de Fuentes Renovables Operativas,"Nombre del Proyecto, Tecnología, Empresa, Capacidad, Ubicación, Estado de Trámite de Autorización como Agente MEM.",Trimestral,2º semestre de 2016,Ministerio de Energía y Minería,Energía y Minería
Listado de Proyectos de EERR,"Nombre del Proyecto, Tecnología, Empresa, Capcacidad, Ubicación, Estado de Trámite de Autorización como Agente MEM.",Mensual,2º semestre de 2016,Ministerio de Energía y Minería,Energía y Minería
PERMER (Proyecto de Energías Renovales para Mercados Rurales),Listado de cantidad de instalaciones realizadas por provincia.,Trimestral,2º semestre de 2016,Ministerio de Energía y Minería,Energía y Minería
Concesiones y lotes de Explotación,Capas geográficas de concesiones de explotación,Eventual,2º semestre de 2016,Ministerio de Energía y Minería,Energía y Minería
Permisos de Exploración,Capas geográficas de permisos de exploración,Eventual,2º semestre de 2016,Ministerio de Energía y Minería,Energía y Minería
Cuencas sedimentarias,Capas geográficas de Cuencas sedimentarias de la República Argentina,Eventual,2º semestre de 2016,Ministerio de Energía y Minería,Energía y Minería
Disponibilidad de sísmicas,Catálogo de sísmicas 2D y 3D georeferenciado,Eventual,2º semestre de 2016,Ministerio de Energía y Minería,Energía y Minería
Pozos de petróleo y gas,Ubicación geográfica de pozos de petróleo y gas,Eventual,2º semestre de 2016,Ministerio de Energía y Minería,Energía y Minería
Puntos de Venteo Declarados,Ubicación geográfica de puntos de venteo declarados de gas natural,Eventual,2º semestre de 2016,Ministerio de Energía y Minería,Energía y Minería
Yacimientos hidrocarburíferos,Capas geográficas de yacimientos de hidrocarburos.,Eventual,2º semestre de 2016,Ministerio de Energía y Minería,Energía y Minería
Planos base,Planos base de upstream de hidrocarburos (información geográfica).,Anual,1º semestre de 2017,Ministerio de Energía y Minería,Energía y Minería
Conformación de consorcios del upstream,Conformación de consorcios por permiso y concesión de exploración y explotación de hidrocarburos,Mensual,1º semestre de 2017,Ministerio de Energía y Minería,Energía y Minería
Inversiones previstas año actual,Inversiones en exploración y producción de hidrocarburos.,Anual,1º semestre de 2017,Ministerio de Energía y Minería,Energía y Minería
Inversiones realizadas en exploración y producción de hidrocarburos,Inversiones declaradas por las empresas productoras.,Anual,1º semestre de 2017,Ministerio de Energía y Minería,Energía y Minería
Precio Internacional (PI) del Petróleo Crudo,Precio de referencia internacional del petróleo tipo Brent.,Mensual,1º semestre de 2017,Ministerio de Energía y Minería,Energía y Minería
Precios de Comercio Exterior,Precios de comercio exterior de hidrocarburos.,Mensual,1º semestre de 2017,Ministerio de Energía y Minería,Energía y Minería
"Precios de Petróleo Crudo, Gas Natural, GLP, Gasolina y Condensado (Regalías)",Precios computados para el cálculo de regalías de hidrocarburos a las provincias o al estado nacional,Mensual,1º semestre de 2017,Ministerio de Energía y Minería,Energía y Minería
Producción de GLP,Producción de GLP Condensado y Gasolina Estabilizada - Producción de GLP,Mensual,1º semestre de 2017,Ministerio de Energía y Minería,Energía y Minería
"Volumen de venta de crudo, condensado y gasolina, Gas, GLP por cuenca, provincia y mercado.",Abierto por mercado interno y externo.,Mensual,1º semestre de 2017,Ministerio de Energía y Minería,Energía y Minería
"Producción mensual de petróleo, gas y agua por pozo",Producción de Hidrocarburos por Pozo y Formación Productiva,Mensual,2º semestre de 2017,Ministerio de Energía y Minería,Energía y Minería
Registro de incidentes ambientales en producción de hidrocarburos,Incidentes ambientales asociados a la exploración y explotación de hidrocarburos,Anual,2º semestre de 2017,Ministerio de Energía y Minería,Energía y Minería
"Porcentaje de concesión y participación en asociaciones por área, yacimiento",Participación de los miembros de los consorcios de explotación de hidrocarbudos.,Eventual,2º semestre de 2016,Ministerio de Energía y Minería,Energía y Minería
"Pozos en Perforación, Terminados, y Perforados","Pozos en perforación de exploración, explotación y servicio.",Mensual,2º semestre de 2016,Ministerio de Energía y Minería,Energía y Minería
Precios de Escalante,Precios históricos del crudo tipo escalante,Mensual,2º semestre de 2016,Ministerio de Energía y Minería,Energía y Minería
Variación del precio en boca de pozo del gas por redes para GNC,Evolución del precio del GNC y variación respecto del mes anterior.,Mensual,2º semestre de 2016,Ministerio de Energía y Minería,Energía y Minería
Inscripciones Anuales de empresas petroleras,Registro de Empresas Petroleras del Upstream,Anual,2º semestre de 2017,Ministerio de Energía y Minería,Energía y Minería
"Producción computable para regalías de crudo, condensado y gasolina; Gas; GLP en m3. Regalías de gas y líquidos por provincia y cuenca ","Producción computable para el cálculo de regalías de crudo, condensado y gasolina estabilizada, gas natural y GNC",Mensual,2º semestre de 2017,Ministerio de Energía y Minería,Energía y Minería
Pronósticos de producción de hidrocarburos,Pronósticos de producción de petróleo y gas natural,Mensual,2º semestre de 2017,Ministerio de Energía y Minería,Energía y Minería
Reservas de hidrocarburos,"Reservas de petróleo y gas comprobadas, probables y posibles en base a las DDJJ de las empresas, hasta el final de la concesión y de la vida útil.",Anual,2º semestre de 2017,Ministerio de Energía y Minería,Energía y Minería
Trabajos geofisicos y perforación de pozos,Trabajos geofisicos y perforación de pozos,Mensual,2º semestre de 2017,Ministerio de Energía y Minería,Energía y Minería
Registro de envases de GLP,Registro de envases circulantes de GLP en todo el país.,Semanal,2º semestre de 2017,Ministerio de Energía y Minería,Energía y Minería
Registro de agentes GLP,Registro de agentes que participan del mercado de GLP.,Mensual,2º semestre de 2017,Ministerio de Energía y Minería,Energía y Minería
Centrales eléctricas,Ubicación geográfica de centrales eléctricas por tipo ,Eventual,2º semestre de 2016,Ministerio de Energía y Minería,Energía y Minería
Autoproductores,Generación eléctrica por parte de autoproductores,Anual,2º semestre de 2017,Ministerio de Energía y Minería,Energía y Minería
Consumo de combustibles,Consumo de combustibles para generación eléctrica,Anual,2º semestre de 2017,Ministerio de Energía y Minería,Energía y Minería
Generación eléctrica,Serie de generación eléctrica asociada a redes,Anual,2º semestre de 2017,Ministerio de Energía y Minería,Energía y Minería
Potencia instalada,Potencia instalada de generación eléctrica por tipo y por región,Anual,2º semestre de 2017,Ministerio de Energía y Minería,Energía y Minería
Catálogo de Proyectos Hidroeléctricos,Inventario de textos y planos correspondientes a proyectos hidroeléctricos.,Mensual,1º semestre de 2017,Ministerio de Energía y Minería,Energía y Minería
Mapa de pequeños aprovechamientos hidroeléctricos.,Capas geográficas con información sobre pequeños aprovechamientos hidroeléctricos (PAH).,Eventual,2º semestre de 2016,Ministerio de Energía y Minería,Energía y Minería
Obras de energía eléctrica y gas natural,"Seguimiento, grado de avance y descripción de obras de energía eléctrica y gas natural",Eventual,2º semestre de 2016,Ministerio de Energía y Minería,Energía y Minería
Estaciones de servicio y refinerías,Ubicación geográfica de estaciones de servicio en todo el país y refinerías,Eventual,2º semestre de 2016,Ministerio de Energía y Minería,Energía y Minería
Comercialización de derivados,Comercialización de productos derivados del petróleo,Mensual,1º semestre de 2017,Ministerio de Energía y Minería,Energía y Minería
Precios y volumenes en Estaciones de servicio de derivados,Estadísticas de venta de Estaciones de Servicio de combustibles,Mensual,1º semestre de 2017,Ministerio de Energía y Minería,Energía y Minería
"Compra, Venta y Transferencias de Combustible",Estadísticas por empresa y por provincia de comercialización de combustibles,Mensual,1º semestre de 2017,Ministerio de Energía y Minería,Energía y Minería
Precios de venta de combustible en tiempo real,Precio vigente de ventas de combustibles por estación de servicio. Tiempo real sujeto a restricciones de carga (horas).,Tiempo real,1º semestre de 2017,Ministerio de Energía y Minería,Energía y Minería
Precios en planta ,Precios de Combustibles Líquidos en Planta (Canales de comercializacion y Reventa a estaciones de servicio),Mensual,1º semestre de 2017,Ministerio de Energía y Minería,Energía y Minería
Precios y volumenes de Gas Licuado de Petroleo,Estadísticas por empresa y por provincia de comercialización GLP,Mensual,1º semestre de 2017,Ministerio de Energía y Minería,Energía y Minería
"Refinación: Consumo Propio, petróleo procesado y productos elaborados","Consumo propio de hidrocarburos en centros de refinación, procesamiento de petróleo crudo y otras cargas, productos elaborados en centros de refinación",Mensual,1º semestre de 2017,Ministerio de Energía y Minería,Energía y Minería
Precios y volumenes mayoristas de derivados,Estadísticas mayoristas y en planta de combustibles,Mensual,2º semestre de 2017,Ministerio de Energía y Minería,Energía y Minería
Volúmenes transportados de derivados.,"Volumenes transportados de DDJJ por cargador y por producto (crudo, gasoil, GLP, nafta)",Mensual,2º semestre de 2017,Ministerio de Energía y Minería,Energía y Minería
Instalaciones de hidrocarburos,Instalaciones de transporte de hidrocarburos georreferenciadas,Eventual,2º semestre de 2016,Ministerio de Energía y Minería,Energía y Minería
"Gasoductos troncales, JP Ductos, Oleoductos troncales, Poliductos troncales, propanoductos troncales","Traza de gasoductos, JP Ductos, Oleoductos, poliuctos, propanoductos",Eventual,2º semestre de 2016,Ministerio de Energía y Minería,Energía y Minería
Puertos regasificadores,Ubicación geográfica de puertos regasificadores de GNL,Eventual,2º semestre de 2016,Ministerio de Energía y Minería,Energía y Minería
"Capacidad de Transporte Contratada en Firme, por Cargador","Capacidad de Transporte Contratada en Firme, por Cargador",Mensual,2º semestre de 2016,Ministerio de Energía y Minería,Energía y Minería
"Consumo en Combustible, Pérdidas y Gas natural no Contabilizado",Consumo de gas natural para su transporte.,Mensual,2º semestre de 2016,Ministerio de Energía y Minería,Energía y Minería
"Flujo Promedio Entregado vs. Capacidad Nominal de Transporte, por Gasoducto","Flujo Promedio Entregado vs. Capacidad Nominal de Transporte, por Gasoducto",Mensual,2º semestre de 2016,Ministerio de Energía y Minería,Energía y Minería
Gas natural cargado por cuenca,"Gas natural Cargado en el Ingreso al Sistema de Transporte, por Cuenca",Mensual,2º semestre de 2016,Ministerio de Energía y Minería,Energía y Minería
Gas natural Cargado por Gasoducto y Entregado por transportistas,"Gas natural Cargado en el Ingreso al Sistema de Transporte, por Gasoducto",Mensual,2º semestre de 2016,Ministerio de Energía y Minería,Energía y Minería
Gas natural Importado y Exportado,Gas natural exportado por destino. Importaciones diarias de gas natural por origen,Mensual,2º semestre de 2016,Ministerio de Energía y Minería,Energía y Minería
Gas natural Recibido de Productores,"Gas natural Recibido de Productores, por Cuenca",Mensual,2º semestre de 2016,Ministerio de Energía y Minería,Energía y Minería
Estaciones transformadoras,Ubicación geográfica de estaciones transformadoras de media y alta tensión,Eventual,2º semestre de 2016,Ministerio de Energía y Minería,Energía y Minería
Líneas de Alta Tensión,Traza de líneas de alta tensión,Eventual,2º semestre de 2016,Ministerio de Energía y Minería,Energía y Minería
Balance Energético Nacional ,"Oferta, transformación y demanda de energía eléctrica",Anual,2º semestre de 2016,Ministerio de Energía y Minería,Energía y Minería
Solicitudes de Acceso a la Información,Registro de solicitudes efectuadas en el marco de la normativa de acceso a la informacion,Semestral,2º semestre de 2016,"Ministerio del Interior, Obras Públicas y Vivienda",Interior
Audiencias de Gestión de Intereses,Registro de audiencias efectuadas en el marco del decreto 1172/2003,Eventual,2º semestre de 2016,"Ministerio del Interior, Obras Públicas y Vivienda",Interior
Base de datos Hidrologica Integrada,"Base de datos diferenciado por red hidrologica, cuenca, rio, parametros y/o Provincia",Semestral,2º semestre de 2016,"Ministerio del Interior, Obras Públicas y Vivienda",Interior
Datos de Municipios,"Información sobre autoridades, ubicacion geografica, datos institucionales y contacto",Eventual,1º semestre de 2017,"Ministerio del Interior, Obras Públicas y Vivienda",Interior
Datos e información Electoral,"Resultados historicos de Elecciones Nacionales: Cantidad de electores, votos válidos, en blanco y nulos de todos los distritos.",Anual,2º semestre de 2016,"Ministerio del Interior, Obras Públicas y Vivienda",Interior
Sistema de Información Geográfica,Sistema de Información Geográfica desarrollado por la Subsecretaría de Planificación Territorial del Ministerio del Interior,Semestral,1º semestre de 2017,"Ministerio del Interior, Obras Públicas y Vivienda",Interior
Plan Estrategico Territorial,Descripción de los planes comprendidos en el PET,Eventual,1º semestre de 2017,"Ministerio del Interior, Obras Públicas y Vivienda",Interior
Atlas de indicadores de desarrollo territoriales,Visualización de fenómenos y procesos de desarrollo que caracterizan al territorio argentino,Eventual,1º semestre de 2017,"Ministerio del Interior, Obras Públicas y Vivienda",Interior
Sistema de Identificación y Ponderación de Proyectos Estrategicos,Datos sobre proyectos y planes del SIPPE,Eventual,1º semestre de 2017,"Ministerio del Interior, Obras Públicas y Vivienda",Interior
Estadisticas MIgratorias,Información sobre movimientos migratorios en el Pais,Semestral,1º semestre de 2017,"Ministerio del Interior, Obras Públicas y Vivienda",Interior
Mapa de Conectividad de Redes de la República Argentina,"Mapa de redes de telecomunicaciones mostrando la oferta de servicios fijos, moviles y de conectividad de banda ancha, Backbones de fibra optica y los puntos de interconexión en cada localidad o departamento del país. ",Trimestral,1º semestre de 2017,Ministerio de Comunicaciones,Comunicaciones
Registro de Proveedores Postales y Servicios de Mensajería,Listado de prestadores postales y servicios de mensajería autorizados a dar servicios postales en la Republica Argentina,Semanal,2º semestre de 2016,Ministerio de Comunicaciones,Comunicaciones
Listado de prestadores de telefonía,"Listado de prestadores de telefonía fija, móvil y de larga distancia autorizados a dar servicio",Semanal,2º semestre de 2016,Ministerio de Comunicaciones,Comunicaciones
Servicio Móvil Marítimo y Aeronáutico ,Listado de embarcaciones autorizadas,Semanal,2º semestre de 2016,Ministerio de Comunicaciones,Comunicaciones
Licencias de radiodifusión,Listado de licencias de radiodifusión,Semanal,2º semestre de 2016,Ministerio de Comunicaciones,Comunicaciones
Radioaficionados,Listado de radioaficionados autorizados,Semanal,2º semestre de 2016,Ministerio de Comunicaciones,Comunicaciones
Operadores de Telecomunicaciones,Listado de operadores certificados,Semanal,2º semestre de 2016,Ministerio de Comunicaciones,Comunicaciones
Equipos inscriptos homologadas,Homologación de equipos inscriptos,Semanal,2º semestre de 2016,Ministerio de Comunicaciones,Comunicaciones
Empresas inscriptas homologadas,Homologación de empresas inscriptas,Semanal,2º semestre de 2016,Ministerio de Comunicaciones,Comunicaciones
Servicios de Internet,Servicios de Internet,Semanal,1º semestre de 2017,Ministerio de Comunicaciones,Comunicaciones
Radioclubes,Listado de radioclubes,Semanal,1º semestre de 2017,Ministerio de Comunicaciones,Comunicaciones
Estaciones repetidoras,Listado de estaciones repetidoras,Semanal,1º semestre de 2017,Ministerio de Comunicaciones,Comunicaciones
Señales distintivas,Listado de señales distintivas,Semanal,1º semestre de 2017,Ministerio de Comunicaciones,Comunicaciones
Numeración geográfica y no geográficas,"Numeración asociada a una zona geográfica en particular, y aquellas cuyo destino puede estar en cualquier parte del territorio nacional",Mensual,1º semestre de 2017,Ministerio de Comunicaciones,Comunicaciones
Reclamos de Usuarios,"Información georeferenciada de los reclamos por usuarios, prestadoras y tipos de servicios",Mensual,2º semestre de 2017,Ministerio de Comunicaciones,Comunicaciones
"Radiaciones
No Ionizantes (RNI)","Información sobre las mediciones realizadas sobre radiaciones electromagnéticas de los diversos servicios y sistemas
de comunicaciones radioeléctricos.",Mensual,2º semestre de 2017,Ministerio de Comunicaciones,Comunicaciones
"Proyectos de ciencia, tecnología e innovación","Proyectos de ciencia, tecnología e innovación, incluyendo montos totales aprobados y financiados, fecha de inicio, provincia de ejecución,  región de ejecución, tipo de proyecto, gran área del conocimiento (para proyectos de I+D) y tipo de institución de ejecución.",Anual,2º semestre de 2016,Ministerio de Ciencia y Tecnología,Ciencia y Tecnología
"Empresas de ejecución de proyectos de ciencia, tecnología e innovación","Empresas de ejecución de proyectos de ciencia, tecnología e innovación, cantidad de proyectos, tipo de proyectos,  provincia argentina y fecha de inicio.",Anual,2º semestre de 2016,Ministerio de Ciencia y Tecnología,Ciencia y Tecnología
Equipamiento científico-tecnológico ,Equipamiento científico-tecnológico según tipo de institución y provincia de localización.,Anual,2º semestre de 2016,Ministerio de Ciencia y Tecnología,Ciencia y Tecnología
Instituciones del Sistema Nacional de Ciencia y Tecnología Argentino ,"Instituciones del Sistema Nacional de Ciencia y Tecnología Argentino según tipo de institución, provincia de localización, tipo de recursos humanos, máximo nivel educativo alcanzado, disciplina de experticia.",Anual,2º semestre de 2016,Ministerio de Ciencia y Tecnología,Ciencia y Tecnología
Recursos humanos en Ciencia y Tecnología,"Recursos humanos en Ciencia y Tecnología por provincia, máximo nivel educativo alcanzado, género, rangos de edad, tipo de personal de I+D y gran área del conocimiento de la formación de grado,  tipo de institución de trabajo,  categoría en CONICET y categoría en el Programa de Incentivos a los Docentes Investigadores.",Anual,2º semestre de 2016,Ministerio de Ciencia y Tecnología,Ciencia y Tecnología
Base de Instrumentos para el Desarrollo Productivo (BIDP),"Registo de subsidios e incentivos que brinda el Estado Nacional para fines productivos a través de sus organismos (excluye programas sociales). Incluye un Padrón de Políticas, con la descripción de cada política de apoyo productivo, y un Padrón de Beneficiarios, con información de los beneficios percibidos por las empresas beneficiarias de los programas.",Mensual,2º semestre de 2016,Ministerio de Producción,Producción
Banco de Proyectos de Inversión Pública,"Registro de los proyectos de inversión de todos los organismos del Sector Publico Nacional. Creado por ley 24,354 del año 1994. Todos los organismos del SPN tienen obligación de registrar sus proyectos en este Banco, lo hacen en forma directa a través de un aplicativo que se conecta con el Servidor administrado por la Dirección Nacional de Inversión Pública,  y próximamente en un nuevo sistema informático en entorno Web. Los principales campos de cada proyecto se publican en Internet en la Web del Ministerio.",Diaria,2º semestre de 2016,Ministerio de Producción,Producción
Registro Industrial de la Nacion,El Registro Industrial de la Nación (RIN) tiene un rol fundamental en la recopilación de información cuantitativa y cualitativa sobre las industrias que desarrollan actividades en el Territorio Nacional.,Anual,1º semestre de 2017,Ministerio de Producción,Producción
Registro de Armas Quimicas,"El registro incluye las personas físicas y jurídicas que produzcan, comercialicen, importen o exporten sustancias químicas listadas por la Convención o sustancias químicas",Anual,1º semestre de 2017,Ministerio de Producción,Producción
Registro de Expertos Pymes ,"Base de datos en el marco del programa ""Expertos Pymes"" cuyo objetivo es brindar a las empresas la posibilidad de contratar expertos en asesoramiento técnico y organizacional.",Anual,1º semestre de 2017,Ministerio de Producción,Producción
Registro de Incubadoras ,"Registro de  personas jurídicas (mixtas, públicas o privadas) o entidades que ofrecen servicios de incubación de empresas.",Anual,1º semestre de 2017,Ministerio de Producción,Producción
Registro Pyme,"Registro de micro, pequeñas y medianas empresas",Eventual,1º semestre de 2017,Ministerio de Producción,Producción
Ciudades para Emprender,"Registro de Ciudades para Emprender, cuyo objetivo es impulsar la creación de nuevas empresas atendiendo a la vocación territorial y a la planificación económica estratégica y la generación de capacidades emprendedoras locales.",Anual,1º semestre de 2017,Ministerio de Producción,Producción
Registro de Aceleradoras,"Incluye información sobre aceleradoras que permitan el financiamiento y desarrollo de empresas innovadoras, de alto impacto y con mercados globales ",Anual,1º semestre de 2017,Ministerio de Producción,Producción
Registro del Programa Desarrollo de Proveedores ,Registro de Proveedores para sectores estrategicos,Anual,1º semestre de 2017,Ministerio de Producción,Producción
"Registro de fabricantes e importadores de vehículos, fabricantes e importadores de autopartes",Registro del sector automotriz ,Anual,1º semestre de 2017,Ministerio de Producción,Producción
"Fabricantes e importadores de bicicletas, registro de fabricantes e importadores de cámaras y cubiertas.",proveedores e importadores de bicicletas,Anual,1º semestre de 2017,Ministerio de Producción,Producción
Registro Nacional de laboratorios de ensayos de autopartes y vehículos completos.,Registro del sector automotriz ,Anual,1º semestre de 2017,Ministerio de Producción,Producción
Registro de Bienes de Capital,Registro de las empresas que fabrican bienes de capital ,Anual,1º semestre de 2017,Ministerio de Producción,Producción
Registro Nacional de Productores de Software y Servicios Informáticos.,"Registro correspondiente al Régimen de Promoción de la Industria del Software (Ley 25.922), que prevé beneficios para la industria del software y servicios informáticos.",Anual,1º semestre de 2017,Ministerio de Producción,Producción
Plan Nacional de Diseño ,"Registro abierto de agencias, diseñadores y empresas que participan del programa",Anual,1º semestre de 2017,Ministerio de Producción,Producción
COPREC,Registro de los reclamos del ciudadano en materia de defensa del consumidor como así también consultas respecto a los programas de precios de gobierno.,Anual,2º semestre de 2017,Ministerio de Producción,Producción
Tribunal arbitral,Registro de árbitros de consumidores y de cámaras empresariales.,Anual,2º semestre de 2017,Ministerio de Producción,Producción
Asociaciones de consumidores,Registro nacional de asociaciones de consumidores,Anual,2º semestre de 2017,Ministerio de Producción,Producción
Registro Nacional de Infractores,Registro según art. 49 del Anexo I al Decreto N 1798/94 reglamentario de la Ley 24.240,Anual,2º semestre de 2017,Ministerio de Producción,Producción
Metrología,Registro de operadores en materia de metrología legal.,Anual,2º semestre de 2017,Ministerio de Producción,Producción
Informes estadísticos y Protocolos.,Confección de estadísticas en base a la información recolectada por distintas fuentes como así también confección de protocolos para su posterior utilización por las fuerzas.,Eventual,2º semestre de 2016,Ministerio de Seguridad,Seguridad
DNFyC (Marte)/BECAS,"Contempla normativa de todos los programas de becas, los registros de todos los becarios, rendición de cuenta de las universidades, notas firmadas por el Director Nacional",Eventual,2º semestre de 2016,Ministerio de Seguridad,Seguridad
Sistema Nacional de Información Criminal (Total de hechos delictuosos y SAT Propiedad),Información a nivel nacional y provincial sobre presuntos hechos delictuosos registrados en sede policial (mesodatos).,Eventual,2º semestre de 2016,Ministerio de Seguridad,Seguridad
"Sistema Nacional de Información Criminal (Sistema de Alerta Temprana -SAT- de homicidios dolosos consumados y en grado de tentativa, homicidios culposos en accidentes de tránsito consumados y suicidios consumados).",Información a nivel nacional y provincial sobre presuntos hechos delictuosos registrados en sede policial (microdatos).,Eventual,2º semestre de 2016,Ministerio de Seguridad,Seguridad
"Carpeta documentos de trabajo y reportes estadísticos sobre delitos, hechos en dependencias policiales y recursos de las fuerzas","Información sobre cantidad de personal , equipamiento y operatividad de las 24 policias provinciales. Informes sobre delitos. Informes sobre detenidos.",Eventual,2º semestre de 2016,Ministerio de Seguridad,Seguridad
Observatorio Legislativo de Seguridad Ciudadana,Página web que tiene como objetivo erigirse como una herramienta de consulta para todos aquellos interesados en la normativa vinculada a la seguridad.,Eventual,2º semestre de 2016,Ministerio de Seguridad,Seguridad
Sistema Nacional de Información Criminial (SNIC),Estadísticas correspondientes al Sistema Nacional de Información Criminal.,Eventual,2º semestre de 2016,Ministerio de Seguridad,Seguridad
Prónostico del Tiempo,"Pronóstico de temperatura, viento y precipitación para varias localidades del país.",Diaria,1º semestre de 2017,Ministerio de Defensa,Defensa
GTS,Sistema coordinado de telecomunicación global que permite conocer los datos de las estaciones meteorológicas de todo el país.,Diaria,1º semestre de 2017,Ministerio de Defensa,Defensa
Registro de Temperatura,Temperaturas máximas y mínimas diarias registradas durante el último año.,Anual,1º semestre de 2017,Ministerio de Defensa,Defensa
Mapa de Estaciones,"Ubicación de las estaciones meteorológicas, su código OACI, latitud y longitud",Eventual,1º semestre de 2017,Ministerio de Defensa,Defensa
Datos de Radiación ,Datos que se obtienen mediante la medición de la radiación solar y su interacción con la atmósfera,Eventual,2º semestre de 2016,Ministerio de Defensa,Defensa
Alertas,Advertencias sobre fenómenos meteorológicos significativos que pueden poner en riesgo la vida de la población.,Eventual,2º semestre de 2016,Ministerio de Defensa,Defensa
Estado del Tiempo,Último registro de las variable meterológicas medidas en la red del SMN,Eventual,2º semestre de 2016,Ministerio de Defensa,Defensa
Imágenes Satelitales,Imagenes obtenidas a través de satelites geoestacionarios y satelites de órbita polar. ,Eventual,2º semestre de 2016,Ministerio de Defensa,Defensa
Imágenes de Radar,imágenes provenientes de los radares situados en diferentes provincias.,Eventual,2º semestre de 2016,Ministerio de Defensa,Defensa
Perspectiva Semanal,Pronóstico Extendido de fenómenos meteorológicos de alto impacto agrupados por semana e informados hasta con dos semanas de anticipación.,Eventual,2º semestre de 2016,Ministerio de Defensa,Defensa
Boletín de Tendencia Climática,Tendencia de temperatura y precipitación para los últimos tres meses presentada en base a un valor de referencia.,Mensual,2º semestre de 2016,Ministerio de Defensa,Defensa
Estadística Climática Básica,"Valores medios y/o extremos a nivel mensual y anual de algúnos parámetros (temperatura máxima, media y mínima, humedad, presión al nivel del mar, heliofanía, viento, precipitación, número de días con cielo cubierto, con cielo claro y con lluvia) calculados a partir de series históricas de los períodos 2001-2010.",Eventual,2º semestre de 2016,Ministerio de Defensa,Defensa
Informes Especiales,Reportes explicativos de situaciones anómalas y/o asociadas con fenómenos severos con posibles impactos sobre la sociedad y las actividades productivas.,Eventual,2º semestre de 2016,Ministerio de Defensa,Defensa
Caracterización Climática ,"Complementa las estadísticas climáticas básicas para cada estación de la red del SMN: olas de calor y de frio como así también de períodos con temperaturas mínimas/máximas muy altas; atlas climático 1961-1990 y 1981-2010 (mapas de los valores medios de temperatura media, máxima y mínima y de precipitación para los períodos indicados); mapas de tendencias de precipitación y de temperatura media; evolución de la temperatura media y de la precipitación a nivel país desde 1961.",Eventual,2º semestre de 2016,Ministerio de Defensa,Defensa
Vigilancia del clima,"Mapas y gráficos integrados en distintas escalas temporales de temperatura media, máxima y mínima y frecuencia de temperaturas extremas, precipitación días con precipitación, índices de sequías, heliofanía, y anomalías de dichos parámetros. Informes especiales sobre eventos climáticos destacados y boletines que describen el comportamiento mensual de las principales variables climáticas",Eventual,2º semestre de 2016,Ministerio de Defensa,Defensa
Boletín de estadísticas sobre Negociación Colectiva y Conflictividad Laboral,"Conjunto de indicadores que reflejan la situación y la evolución de la negociación colectiva y la conflictividad laboral.
En la sección de negociación colectiva, se incluyen las siguientes temáticas: cantidad mensual de convenios y acuerdos homologados,  trabajadores comprendidos, salarios básicos y conformados.
En referencia a conflictividad laboral, las temáticas más relevantes son: conflictos con paro y trabajadores involucrados en conflictos con paro.",Mensual,2º semestre de 2016,"Ministerio de Trabajo, Empleo, y Seguridad Social",Trabajo
Boletín de estadísticas sobre demografía de empresas y empleo,"Contiene información sobre la demografía de las empresas (aperturas, cierres, continuadoras) y la dinámica del empleo, sobre empresas de rápido crecimiento y supervivencia de las firmas. La información se presenta con desagregación sectorial y por tamaño de las firmas.",Trimestral,2º semestre de 2016,"Ministerio de Trabajo, Empleo, y Seguridad Social",Trabajo
Datos sobre el total de trabajadores registrados,"Describe la situación y evolución del total de trabajadores registrados (asalariados, trabajadores en casas particulares, autónomos y monotributistas)",Mensual,2º semestre de 2016,"Ministerio de Trabajo, Empleo, y Seguridad Social",Trabajo
Principales Prestaciones otorgadas por ANSES (en todos los casos se publican con opción a consulta por provincia y partido),Cantidad de Jubilaciones y Pensiones del Sistema Integrado Previsional Argentino (SIPA) otorgadas. ,Mensual,2º semestre de 2016,"Ministerio de Trabajo, Empleo, y Seguridad Social",Trabajo
Estadísticas Vitales (Serie 5 - DEIS),"Información sobre nacidos vivos, matrimonios, defunciones y defunciones fetales para el total del país y por jurisdicción, incluyendo
tasas y distribuciones relativas. ",Anual,2º semestre de 2016,Ministerio de Salud,Salud
Estadísticas de Consultas e Internación en Establecimientos Públicos (Serie 11 - DEIS),Egresos y consultas hospitalarias registradas en el Informe Estadístico de Internación en Establecimientos Públicos,Anual,1º semestre de 2017,Ministerio de Salud,Salud
Registro Federal de Establecimientos de Salud (REFES),"Registro de establecimientos sanitarios del país del sector público y privado, con y sin internación, que se encuentran funcionando en cada una de las jurisdicciones provinciales según la reglamentación vigente en ellas.",Eventual,2º semestre de 2016,Ministerio de Salud,Salud
Registro Federal de Profesionales de Salud (REFEPS),Registro oficial de Profesionales de Salud de todo el país de todas las profesiones matriculadas para el ejercicio profesional en salud,Eventual,2º semestre de 2016,Ministerio de Salud,Salud
Registro Nacional de Investigaciones en Salud (RENIS),Registro oficial y federal de investigaciones en Salud,Eventual,2º semestre de 2016,Ministerio de Salud,Salud
Registro Federal Farmacias (REFAR) y Registro Federal de Droguerías (REDRO),"Registro oficial de farmacias de atención al público, hospitalarias y droguerías de todo el país registrado por la autoridad jurisdiccional",Eventual,2º semestre de 2016,Ministerio de Salud,Salud
Legislacion en Salud de la República Argentina (LEGISALUD),"Registro de la legislación sanitaria intenacional,nacional, provincial y municipal vinculadas a todas las temáticas sanitarias agrupadas por tipo de legilsación, jurisdicción y por temática a texto completo",Eventual,2º semestre de 2016,Ministerio de Salud,Salud
Estadísticas CUS MEDICAMENTOS,"Serie histórica (sin nominalizar) de personas que recibieron medicamentos bajo prescripción del programa CUS MEDICAMENTOS por edad, sexo y provincia",Mensual,2º semestre de 2016,Ministerio de Salud,Salud
Recetas CUS  MEDICAMENTOS,Serie histórica de medicamentos recetados a través del programa CUS MEDICAMENTOS por provincia,Mensual,2º semestre de 2016,Ministerio de Salud,Salud
Consultas CUS MEDICAMENTOS,Serie histórica de consultas con médicos u odontólogos en CAPs que reciben botiquines CUS MEDICAMENTOS,Mensual,2º semestre de 2016,Ministerio de Salud,Salud
Estadísticas Inlcuir Salud,"Distribución por provincia y por ley de otorgamiento de beneficiarios, prestaciones otorgadas, monto de transferencias",Anual,2º semestre de 2016,Ministerio de Salud,Salud
Estadísticas Nacionales de VIH/Sida,"Estadísticas que surgen de las notificaciones nacionales de infecciones por VIH/Sida desglosadas por provincias. Incluye indicadores de gestión en prevención, diagnóstico y tratamiento ",Anual,2º semestre de 2016,Ministerio de Salud,Salud
Estadísticas SUMAR,"Estadísticas básicas de distribución de beneficiarios, transferencias y prestaciones",Trimestral,2º semestre de 2016,Ministerio de Salud,Salud
Estadísticas hospitalarias de establecimientos dependientes de Nación,"Cantidad de consultas, egresos, cirugías y camas disponibles en establecimientos nacionales. Diagnóstico por imágenes, cirugías por tipo y otras perstaciones.",Anual,1º semestre de 2017,Ministerio de Salud,Salud
Registro de personas con CUD (certificado único de desicapacidad),"Distribución por provincia, tipo de discapacidad, etc",Anual,2º semestre de 2016,Ministerio de Salud,Salud
Registro prestadores servicios de discapacidad,"Regitro de prestadores de servicios de discapacidad inscriptos en SNR (por provincia, tipo de prestación)",Eventual,2º semestre de 2016,Ministerio de Salud,Salud
Registros INCUCAI,"Pacientes en lista de espera para órganos y tejidos, expresiones de voluntad para la donación, pacientes con ERC",Eventual,2º semestre de 2016,Ministerio de Salud,Salud
Padrón de OOSS Nacionales,"Registro de OOSS, número de afiliados",Mensual,1º semestre de 2017,Ministerio de Salud,Salud
Financiamiento de OOSS,Monto de Subsidios otorgados por la Superintendencia de Servicios de Salud a OOSS Nacionales,Trimestral,2º semestre de 2016,Ministerio de Salud,Salud
Facturación Hospitales de Autogestión,Facturación y pagos recibidos de Hospitales de Autogestión por prestaciones a afiliados de OOSS,Mensual,1º semestre de 2017,Ministerio de Salud,Salud
ANMAT - Vademecun Nacional de Medicamentos,"Medicamentos comercializados en la República Argentina. La base incluye laboratorio, presentación, precio sugerido de venta al público",Eventual,2º semestre de 2016,Ministerio de Salud,Salud
ANMAT - Sistema Nacional de Farmacovigilancia,Notificaciones de reacciones adversas a medicamentos,Eventual,2º semestre de 2016,Ministerio de Salud,Salud
ANMAT- Registro Nacional de Establecimientos,Establecimientos certificados por autoridades sanitarias jurisdiccionales. Empresas elaboradoras de productos alimenticios o suplementos dietarios.,Eventual,2º semestre de 2016,Ministerio de Salud,Salud
ANMAT -Sistema de Información Federal para la Gestión del Control de los Alimentos,Consulta de productos inscriptos en el Registro Nacional de Productos Alimenticios. Autorizado por INAL.,Eventual,2º semestre de 2016,Ministerio de Salud,Salud
ANMAT- Cosméticos,"Listado y localización de productos elaboradores, imporatdores y exportadores de productos cosméticos",Eventual,2º semestre de 2016,Ministerio de Salud,Salud
ANMAT - Productos Domisanitarios,"Productos destinados a la limpieza, lavado, odorización, higienización del hogar certificados por ANMAT",Eventual,2º semestre de 2016,Ministerio de Salud,Salud
SIFER (Sistema Ferroviario Integrado),Subsidios otorgados al transporte ferroviario.,Trimestral,2º semestre de 2016,Ministerio de Transporte,Transporte
SISTAU (Sistema Integrado de Transporte Automotor),"Subsidios otorgados al transporte automotor, por provincia, municipio, línea, CUIT y razón social ",Trimestral,2º semestre de 2016,Ministerio de Transporte,Transporte
Estadísticas Viales,"Estadísticas Viales referentes accidentología, estudios de seguridad y georrefenciacion de los mismos",Trimestral,2º semestre de 2016,Ministerio de Transporte,Transporte
Mapa del Transporte Nacional,"Incluye red vial, red ferroviaria, rutas aereas",Eventual,2º semestre de 2016,Ministerio de Transporte,Transporte
Registro Nacional de Aeronaves (ANAC),Registro y afectacion de aeronaves,Eventual,2º semestre de 2016,Ministerio de Transporte,Transporte
Talleres Habilitados (ANAC),Listado de Talleres Aeronáuticos Habilitados,Eventual,2º semestre de 2016,Ministerio de Transporte,Transporte
Estadísticas de Transporte (CNRT),"Estadísticas del Transporte Automotor, ferroviario y denuncias. ",Trimestral,2º semestre de 2016,Ministerio de Transporte,Transporte
Habilitaciones (CNRT),"Conductores, vehículos y empresas habilitados ",Eventual,2º semestre de 2016,Ministerio de Transporte,Transporte
Biblioteca Vialidad,Catálogo y listados ,Mensual,2º semestre de 2016,Ministerio de Transporte,Transporte
Informe estadístico Puerto de Buenos Aires (AGP),Estadísticas de Operaciones en Puerto de Buenos Aires,Trimestral,2º semestre de 2016,Ministerio de Transporte,Transporte
"Estadística del Sistema Nacional de Aeropuertos: tráficos de pasajeros, cargas y aeronaves (ORSNA)",Estadísticas de Operaciones en los Aeropuertos de Argentina,Trimestral,2º semestre de 2016,Ministerio de Transporte,Transporte
Registro de Conductores Habilitados (CNRT),Conductores habilitados,Eventual,2º semestre de 2016,Ministerio de Transporte,Transporte
Registro de Empresas Habilitadas (CNRT),Empresas habilitadas,Eventual,2º semestre de 2016,Ministerio de Transporte,Transporte
Registro de Vehículos Habilitados (CNRT),Vehículos habilitados,Eventual,2º semestre de 2016,Ministerio de Transporte,Transporte
Trenes en Directo,Información en tiempo real correspondiente a los servicios de trenes en el área metropolitana.,Tiempo real,2º semestre de 2016,Ministerio de Transporte,Transporte
Recorridos del transporte automotor de corta distancia,"Datos correspondientes a las líneas, recorridos, paradas y horarios del servicio de transporte automotor de corta distancia bajo jurisdicción de la CNRT",Trimestral,2º semestre de 2016,Ministerio de Transporte,Transporte
Estadísticas Tributarias,Estadísticas mensuales y anuales de recaudación tributaria por tipo de impuesto,Eventual,2º semestre de 2016,Ministerio de Hacienda y Finanzas Públicas,Hacienda
Registro Especial Aduanero,"Registro de Importadores y Exportadores, Auxiliares del Comercio y del Servicio Aduanero, sus apoderados generales y dependientes y los otros sujetos comprendidos en el Título IV de la Sección I de la Ley N° 22.415 y sus modificaciones.",Eventual,2º semestre de 2016,Ministerio de Hacienda y Finanzas Públicas,Hacienda
Domicilio Especial Aduanero,Listado de domicilios especiales ubicados en el radio urbano de la aduana en la que sujetos obligados ejercen su actividad,Eventual,2º semestre de 2016,Ministerio de Hacienda y Finanzas Públicas,Hacienda
Registro de operaciones inmobiliarias y locaciones de inmuebles,Registro de personas o sujetos que realicen o intervengan en operaciones económicas vinculadas con bienes inmuebles RG N° 2820 (2010),Eventual,2º semestre de 2016,Ministerio de Hacienda y Finanzas Públicas,Hacienda
Comercializadores de Materiales a Reciclar,"Registro de recicladores, acopiadores, galponeros, generadores de ""scrap"", e intermediarios que participan en la cadena de comercialización de materiales a reciclar",Eventual,2º semestre de 2016,Ministerio de Hacienda y Finanzas Públicas,Hacienda
"Imprentas, autoimpresores e importadores",Registro de empresas hablitadas para la impresión de comprobantes fiscales.,Eventual,2º semestre de 2016,Ministerio de Hacienda y Finanzas Públicas,Hacienda
Operadores de Productos Gravados Exentos por Destino Industrial,Registro de transportistas y comercializadores de los productos gravados exentos por destino industrial,Eventual,2º semestre de 2016,Ministerio de Hacienda y Finanzas Públicas,Hacienda
Operadores de Compraventa de Granos y Legumbres Secas,Registro Fiscal de sujetos involucrados en la comercialización de granos y legumbres secas.,Eventual,2º semestre de 2016,Ministerio de Hacienda y Finanzas Públicas,Hacienda
Operadores de Comercialización de Granos,Registro de Operadores de Comercialización de Granos,Eventual,2º semestre de 2016,Ministerio de Hacienda y Finanzas Públicas,Hacienda
Registro Fiscal de Empresas Mineras,Listado de Empresas Mineras habilitadas a operar en el territorio de la República Argentina,Eventual,2º semestre de 2016,Ministerio de Hacienda y Finanzas Públicas,Hacienda
Registro Fiscal de Proveedores de Empresas Mineras,Listado de empresas proveedoras de bienes y servicios a Empresas Mineras habilitadas a operar en el territorio de la República Argentina,Eventual,2º semestre de 2016,Ministerio de Hacienda y Finanzas Públicas,Hacienda
Registro de Titulares de Permisos de Exploración y Cateo,Listado de empresas o personas habilitadas para realizar exploración y cateo en el territorio de la República Argentina,Eventual,2º semestre de 2016,Ministerio de Hacienda y Finanzas Públicas,Hacienda
Clasificador de Actividades Económicas (CLAE),"El Clasificador de Actividades Económicas (CLAE) ordena y agrupa los datos relativos a los responsables que se vinculan con la Administración Federal de Ingresos Públicos, según atributos análogos u homogéneos que tienen en cuenta la forma en que las actividades económicas se realizan y combinan.",Eventual,2º semestre de 2016,Ministerio de Hacienda y Finanzas Públicas,Hacienda
Estadíticas: principales variables,"Valores diarios y series históricas correspondientes a las principales variables, incluyendo Base Monetaria, Reservas del Banco Central, etc.",Diaria,2º semestre de 2016,Ministerio de Hacienda y Finanzas Públicas,Hacienda
Indicadores del BCRA,"Valores diarios y series históricas correspondientes al índice de Precio de las Materias Primas (IPMP), Tipo de Cambio Multilateral, y Programa NEDD",Eventual,2º semestre de 2016,Ministerio de Hacienda y Finanzas Públicas,Hacienda
Series Estadísticas,"Paquetes estandarizados correspondientes a variables monetarias, Sistema Nacional de Pagos, deuda externa privada, etc",Eventual,2º semestre de 2016,Ministerio de Hacienda y Finanzas Públicas,Hacienda
Relevamiento de Expectativas de Mercado (REM),"Listado de participantes, informe mensual, resultados históricos",Mensual,2º semestre de 2016,Ministerio de Hacienda y Finanzas Públicas,Hacienda
Regimen de Transparencia,"Información suministrada por las entidades financieras en virtud del Régimen Informativo establecido en las Comunicaciones ""A"" 4184, 4191 y 4195",Mensual,2º semestre de 2016,Ministerio de Hacienda y Finanzas Públicas,Hacienda
Entidades del Sistema Financiero,"Datos correspondientes al registro de entidades no financieras, Empresas no financieras emisoras de tarjetas de crédito y/o compra, Sociedades de Garantía Reciproca y Fondos de garantia de carácter público",Eventual,2º semestre de 2016,Ministerio de Hacienda y Finanzas Públicas,Hacienda
Registro de Auditores Externos,"Listado de los contadores públicos que se desempeñan como auditores externos, titulares o suplentes, de los estados contables de las entidades que estén sujetas a su control de la CNV.",Eventual,2º semestre de 2016,Ministerio de Hacienda y Finanzas Públicas,Hacienda
Programas para Certificar Idoneidad,Listado de Programas para certificar idoneidad aprobados por la CNV.,Eventual,2º semestre de 2016,Ministerio de Hacienda y Finanzas Públicas,Hacienda
Registro de Idoneidad,Registro de Idóneos habilitados para efectuar las actividades definidas en el artículo 3° del Capítulo II (Normas CNV N.T. 2013 y mod.),Eventual,2º semestre de 2016,Ministerio de Hacienda y Finanzas Públicas,Hacienda
"Mercados, Cámaras Compensadoras y Agentes","Registro de Mercados, Cámaras Compensadoras y Agentes Autorizados por la CNV (Ley 26.831)",Eventual,2º semestre de 2016,Ministerio de Hacienda y Finanzas Públicas,Hacienda
Comisiones Regimen de Transparencia,Información de diferentes mercados ingresada por las Entidades a la CNV,Eventual,2º semestre de 2016,Ministerio de Hacienda y Finanzas Públicas,Hacienda
Informe Diario de Mercados,Información sobre movimientos bursatiles,Eventual,2º semestre de 2016,Ministerio de Hacienda y Finanzas Públicas,Hacienda
Informe Económico Trimestral,Análisis de la coyuntura macroeconómica argentina e internacional.,Eventual,2º semestre de 2016,Ministerio de Hacienda y Finanzas Públicas,Hacienda
Información económica al día - Nivel de actividad,"Medición de volúmenes y ritmo de crecimiento de la actividad generadora de bienes y servicios. Indicadores de oferta y demanda globales, PBI e índices de actividad.",Eventual,2º semestre de 2016,Ministerio de Hacienda y Finanzas Públicas,Hacienda
Información económica al día - Empleo e ingresos,"Información sobre variables ocupacionales: estadísticas, evolución, tasas, estimaciones, ingresos, salarios, costos y aspectos previsionales.",Eventual,2º semestre de 2016,Ministerio de Hacienda y Finanzas Públicas,Hacienda
Información económica al día - Finanzas Públicas,Información sobre ingresos y gastos en el Sector Público Nacional Financiero y no Financiero,Eventual,2º semestre de 2016,Ministerio de Hacienda y Finanzas Públicas,Hacienda
Información económica al día - Dinero y Bancos,"Información sobre el sector financiero (tasas de interés, agregados monetarios, préstamos, reservas y pasivos financieros, exigencias de encaje o liquidez, CER)",Eventual,2º semestre de 2016,Ministerio de Hacienda y Finanzas Públicas,Hacienda
Información económica al día - Sector Externo,Información estadística sobre la balanza de pagos y balanza comercial.,Eventual,2º semestre de 2016,Ministerio de Hacienda y Finanzas Públicas,Hacienda
Información económica al día - Precios,Indices de Precios locales e internacionales,Eventual,2º semestre de 2016,Ministerio de Hacienda y Finanzas Públicas,Hacienda
Información económica al día - Precios,Indices de Precios locales e internacionales,Eventual,2º semestre de 2016,Ministerio de Hacienda y Finanzas Públicas,Hacienda
Informes productivos sectoriales y regionales,"Descripción analítica y estructural de diversas cadenas de valor del aparato productivo argentino. Se consideran temáticas como: la configuración de relaciones económicas; la situación productiva y económica de la cadena; el mercado global y tendencias; su proceso productivo y su evolución; la localización territorial; la incidencia de las políticas públicas, entre otros aspectos de relevancia.",Eventual,2º semestre de 2016,Ministerio de Hacienda y Finanzas Públicas,Hacienda
Anuncios de Inversión del Sector Privado (2016 - 2019),"Análisis de los anuncios de inversión privada por región, clasificación VAB, por cadena de valor, por empresas, por origen de la inversión, entre otros.",Eventual,2º semestre de 2016,Ministerio de Hacienda y Finanzas Públicas,Hacienda
Estadísticas de deuda pública,"Deuda del Sector Público Nacional clasificada por instrumentos, series y perfiles de vencimientos",Eventual,2º semestre de 2016,Ministerio de Hacienda y Finanzas Públicas,Hacienda
Base de Datos de Deuda Pública I trimestre 2016,Base de Datos de Deuda Pública I trimestre 2016,Eventual,2º semestre de 2016,Ministerio de Hacienda y Finanzas Públicas,Hacienda
Informe de Deuda Pública,Informe de Deuda Pública,Eventual,2º semestre de 2016,Ministerio de Hacienda y Finanzas Públicas,Hacienda
"Cupones, precios técnicos y coeficientes de PG","Información sobre cupones, coeficientes y precios técnicos utilizados por los organismos deudores para calcular deudas consolidadas",Eventual,2º semestre de 2016,Ministerio de Hacienda y Finanzas Públicas,Hacienda
Valores negociables vinculados al PBI,Datos sobre valores negociables vinculados al PBI,Eventual,2º semestre de 2016,Ministerio de Hacienda y Finanzas Públicas,Hacienda
Deuda Pública,"Colocaciones financieras, estructura financiera de títulos públicos, resultados de recompra de títulos públicos y reestructuraciones.",Eventual,2º semestre de 2016,Ministerio de Hacienda y Finanzas Públicas,Hacienda
"Recaudación de impuestos nacionales, mensuales y anuales y comparaciones.","Informes sobre recaudación, gastos tributarios, presión tributaria y normativa",Eventual,2º semestre de 2016,Ministerio de Hacienda y Finanzas Públicas,Hacienda
Resultado Fiscal,Cuenta Ahorro – Inversión – Financiamiento del Sector Público Nacional – Base Caja – Mensual,Eventual,2º semestre de 2016,Ministerio de Hacienda y Finanzas Públicas,Hacienda
Cuenta de Inversión,"Expone los estados que permiten conocer la gestión presupuestaria, de caja y patrimonial de las entidades públicas",Eventual,2º semestre de 2016,Ministerio de Hacienda y Finanzas Públicas,Hacienda
Boletín Fiscal,Información económico-financiera de carácter periódico y sistemático,Eventual,2º semestre de 2016,Ministerio de Hacienda y Finanzas Públicas,Hacienda
Leyes de Presupuesto,"Ley de presupuesto vigente para el ejercicio, nosmas de promulgación y dstribución",Eventual,2º semestre de 2016,Ministerio de Hacienda y Finanzas Públicas,Hacienda
Programa de Fortalecimiento Institucional Provincial y de Gestión Financiera (PROFIP),Fortalecimiento de las instituciones públicas para la toma de decisiones en base a información sobre desempeño y resultados.,Eventual,2º semestre de 2016,Ministerio de Hacienda y Finanzas Públicas,Hacienda
Política Salarial,Política Salarial,Eventual,2º semestre de 2016,Ministerio de Hacienda y Finanzas Públicas,Hacienda
Informe Trimestral de Ocupación y Salarios del Sector Público,Informe Trimestral de Ocupación y Salarios del Sector Público,Eventual,2º semestre de 2016,Ministerio de Hacienda y Finanzas Públicas,Hacienda
Presupuestos,"Mensajes, proyectos de Ley, comunicados, presupuesto plurianual e informes de avance",Eventual,2º semestre de 2016,Ministerio de Hacienda y Finanzas Públicas,Hacienda
Empresas públicas y fondos fiduciarios,Instructivos para la formulación del presupuesto y confección de la cuenta ahorro inversión financiamiento de los entes.,Eventual,2º semestre de 2016,Ministerio de Hacienda y Finanzas Públicas,Hacienda
Ejecución presupuestaria,"Cuenta Ahorro - Inversión - Financiamiento del Sector Público Nacional y datos de ejecución presupuestaria del Sector Público Nacional, de la Administración Nacional.",Eventual,2º semestre de 2016,Ministerio de Hacienda y Finanzas Públicas,Hacienda
Evaluación presupuestaria,"Seguimiento Físico - Financiero, indicadores e informe resumen",Eventual,2º semestre de 2016,Ministerio de Hacienda y Finanzas Públicas,Hacienda
Información fiscal provincial y municipal,"Indicadores fiscales y financieros, recursos tributarios e información vinculada al Régimen de Responsabilidad Fiscal",Eventual,2º semestre de 2016,Ministerio de Hacienda y Finanzas Públicas,Hacienda
Información fiscal provincial y municipal,"Características de los regímenes municipales, principales normas, potestades tributarias e indicadores presupuestarios.",Eventual,2º semestre de 2016,Ministerio de Hacienda y Finanzas Públicas,Hacienda
Fondos Federales y Responsabilidad Fiscal,Pendiente,Eventual,2º semestre de 2016,Ministerio de Hacienda y Finanzas Públicas,Hacienda
